beat_idx,r_sample_100hz,qrson_sample_100hz,tpeak_sample_100hz,toff_sample_100hz,t_s,t_rel_peak_s,phase,rr_ms,qt_ms,tamp_mv,rr_ms_smooth,qt_ms_smooth,tamp_mv_smooth
0,66,63,100,106,0.664,-599.336,exercise,832,432,0.11069,824.34,425.9,0.16379
1,148,144,180,189,1.48,-598.52,exercise,816,448,0.17163,823.46,425.71,0.16543
2,230,227,263,271,2.302,-597.698,exercise,822,442,0.19199,823.32,426.2,0.16564
3,313,309,346,353,3.128,-596.872,exercise,826,436,0.14728,824.29,425.51,0.16477
4,396,393,429,434,3.96,-596.04,exercise,832,410,0.17433,824.49,424.78,0.16399
5,480,476,513,519,4.8,-595.2,exercise,840,430,0.14018,824.59,424.68,0.16489
6,562,559,596,603,5.624,-594.376,exercise,824,436,0.13988,825.76,425.22,0.16425
7,642,639,676,681,6.42,-593.58,exercise,796,422,0.10332,826.73,425.9,0.16179
8,720,717,753,759,7.204,-592.796,exercise,784,422,0.18858,827.02,425.17,0.1619
9,800,796,832,839,7.998,-592.002,exercise,794,424,0.12863,827.85,425.37,0.16154
10,880,876,911,918,8.796,-591.204,exercise,798,422,0.2097,828.54,425.17,0.16194
11,961,957,993,1001,9.61,-590.39,exercise,814,432,0.14092,829.32,425.56,0.16196
12,1044,1040,1076,1082,10.438,-589.562,exercise,828,418,0.21393,830.63,426.05,0.1622
13,1129,1126,1161,1167,11.29,-588.71,exercise,852,418,0.16192,831.02,426.49,0.16006
14,1215,1212,1250,1254,12.154,-587.846,exercise,864,418,0.14832,830.93,426.05,0.15909
15,1303,1300,1336,1342,13.032,-586.968,exercise,878,422,0.22294,831.22,425.8,0.15954
16,1385,1382,1419,1423,13.854,-586.146,exercise,822,408,0.10189,830.78,425.71,0.15914
17,1466,1462,1499,1504,14.658,-585.342,exercise,804,416,0.13672,829.22,425.85,0.15832
18,1547,1543,1579,1587,15.47,-584.53,exercise,812,438,0.17915,827.27,425.41,0.15712
19,1628,1625,1660,1667,16.282,-583.718,exercise,812,424,0.16136,825.71,425.41,0.15825
20,1712,1708,1744,1751,17.118,-582.882,exercise,836,430,0.15199,824.68,425.17,0.15753
21,1796,1793,1829,1835,17.964,-582.036,exercise,846,418,0.18627,823.95,424.83,0.15845
22,1882,1878,1914,1921,18.816,-581.184,exercise,852,430,0.15663,824.24,424.49,0.15859
23,1969,1965,2001,2007,19.686,-580.314,exercise,870,418,0.13254,825.27,423.76,0.15798
24,2055,2051,2087,2093,20.546,-579.454,exercise,860,420,0.16974,826.2,423.45,0.15825
25,2141,2138,2173,2180,21.414,-578.586,exercise,868,426,0.1836,825.96,424.25,0.15945
26,2230,2227,2263,2270,22.304,-577.696,exercise,890,432,0.18584,826.79,424.15,0.15887
27,2317,2314,2351,2357,23.174,-576.826,exercise,870,434,0.12673,826.99,423.55,0.16065
28,2401,2397,2434,2439,24.008,-575.992,exercise,834,414,0.16333,827.53,423.2,0.16013
29,2483,2480,2517,2521,24.832,-575.168,exercise,824,414,0.12121,828.06,422.85,0.15529
30,2563,2559,2595,2601,25.628,-574.372,exercise,796,420,0.17275,828.06,422.35,0.15552
31,2643,2639,2675,2683,26.426,-573.574,exercise,798,444,0.16618,827.43,422.05,0.15401
32,2724,2720,2757,2763,27.24,-572.76,exercise,814,430,0.16238,826.4,421.3,0.15518
33,2804,2801,2836,2844,28.042,-571.958,exercise,802,436,0.10224,825.23,421.05,0.15433
34,2884,2881,2916,2922,28.844,-571.156,exercise,802,412,0.16702,823.18,420.95,0.15325
35,2967,2963,2999,3005,29.666,-570.334,exercise,822,418,0.17474,820.45,421.05,0.15385
36,3048,3045,3081,3088,30.48,-569.52,exercise,814,434,0.1596,817.67,420.95,0.15366
37,3126,3123,3159,3166,31.262,-568.738,exercise,782,434,0.12912,816.31,421.8,0.15605
38,3204,3201,3237,3241,32.044,-567.956,exercise,782,404,0.14371,815.33,421.9,0.156
39,3284,3280,3316,3323,32.838,-567.162,exercise,794,430,0.16851,814.11,421.2,0.15518
40,3364,3361,3396,3402,33.644,-566.356,exercise,806,416,0.1611,813.23,420.8,0.15783
41,3445,3441,3477,3483,34.446,-565.554,exercise,802,418,0.14847,812.11,420.05,0.15856
42,3527,3524,3560,3567,35.274,-564.726,exercise,828,434,0.17734,811.14,419.8,0.15671
43,3614,3610,3646,3651,36.138,-563.862,exercise,864,412,0.16724,809.92,419.35,0.15521
44,3659,NaN,NaN,NaN,36.586,-563.414,exercise,864,NaN,NaN,808.01,419.45,0.15654
45,3786,3782,3820,3826,37.856,-562.144,exercise,822.55,442,0.22227,806.89,419.05,0.15672
46,3873,3869,3906,3912,38.73,-561.27,exercise,874,426,0.11713,805.43,419,0.15756
47,3956,3953,3989,3994,39.562,-560.438,exercise,832,412,0.21096,803.18,418.35,0.15918
48,4038,4035,4071,4075,40.38,-559.62,exercise,818,408,0.08259,800.99,417.35,0.15706
49,4119,4115,4152,4156,41.186,-558.814,exercise,806,408,-0.00515,798.94,417.45,0.15755
50,4198,4194,4231,4235,41.98,-558.02,exercise,794,404,0.13797,796.99,417.75,0.15879
51,4275,4272,4308,4313,42.752,-557.248,exercise,772,410,0.14909,795.23,418.25,0.15845
52,4352,4349,4384,4389,43.524,-556.476,exercise,772,402,0.1878,793.57,417.6,0.15848
53,4430,4427,4463,4468,44.304,-555.696,exercise,780,408,0.17987,792.21,417.6,0.15914
54,4507,4504,4539,4545,45.072,-554.928,exercise,768,414,0.11899,792.11,416.95,0.15982
55,4582,4579,4614,4621,45.824,-554.176,exercise,752,422,0.17213,792.5,417.6,0.1607
56,4659,4655,4690,4697,46.588,-553.412,exercise,764,418,0.21537,793.18,418.15,0.16042
57,4735,4732,4767,4776,47.354,-552.646,exercise,766,442,0.19732,794.99,418.25,0.16104
58,4812,4808,4844,4850,48.118,-551.882,exercise,764,420,0.13502,797.82,418.15,0.16201
59,4888,4885,4920,4926,48.88,-551.12,exercise,762,410,0.14607,800.21,418.3,0.16159
60,4966,4962,4997,5003,49.656,-550.344,exercise,776,408,0.26764,801.87,418.65,0.16089
61,5045,5041,5077,5081,50.446,-549.554,exercise,790,400,0.18109,802.7,418.95,0.15917
62,5125,5122,5158,5163,51.252,-548.748,exercise,806,408,0.1122,803.33,419.05,0.16056
63,5205,5202,5238,5243,52.054,-547.946,exercise,802,412,0.09649,802.99,418.75,0.15826
64,5285,5281,5316,5323,52.846,-547.154,exercise,792,422,0.1861,801.23,419.05,0.15903
65,5366,5363,5398,5403,53.66,-546.34,exercise,814,404,0.17659,799.77,419.66,0.15909
66,5447,5443,5479,5486,54.468,-545.532,exercise,808,424,0.21755,799.56,419.8,0.15826
67,5527,5523,5559,5564,55.266,-544.734,exercise,798,406,0.25032,798,419.66,0.1585
68,5605,5601,5637,5641,56.046,-543.954,exercise,780,394,0.04215,797.27,419.56,0.1576
69,5680,5676,5711,5718,56.796,-543.204,exercise,750,418,0.18301,797.41,420.29,0.16027
70,5754,5750,5786,5793,57.54,-542.46,exercise,744,426,0.17078,798.2,420.68,0.16382
71,5826,5823,5858,5867,58.264,-541.736,exercise,724,440,0.15918,798.68,421.07,0.16435
72,5899,5896,5931,5938,58.994,-541.006,exercise,730,418,0.16712,800.29,421.17,0.16516
73,5975,5972,6007,6015,59.752,-540.248,exercise,758,430,0.18889,801.51,421.12,0.16335
74,6055,6052,6087,6093,60.55,-539.45,exercise,798,410,0.1295,802.49,420.98,0.16357
75,6137,6133,6169,6177,61.368,-538.632,exercise,818,438,0.20225,804.29,420.93,0.16585
76,6222,6218,6254,6262,62.218,-537.782,exercise,850,440,0.1635,806.54,421.07,0.16549
77,6311,6307,6343,6351,63.106,-536.894,exercise,888,438,0.18432,808.44,421.71,0.16426
78,6400,6397,6433,6440,64.004,-535.996,exercise,898,430,0.1678,810.54,421.22,0.16337
79,6488,6485,6521,6526,64.884,-535.116,exercise,880,410,0.12725,812.88,421.22,0.16418
80,6575,6571,6608,6616,65.746,-534.254,exercise,862,444,0.14045,815.8,421.61,0.16478
81,6659,6655,6691,6698,66.586,-533.414,exercise,840,428,0.09221,818.29,422.34,0.16137
82,6741,6738,6774,6780,67.414,-532.586,exercise,828,422,0.20421,819.71,422.78,0.16055
83,6823,6819,6855,6861,68.228,-531.772,exercise,814,422,0.08524,821.27,422.59,0.16273
84,6902,6898,6934,6941,69.02,-530.98,exercise,792,424,0.19804,823.32,422.34,0.16484
85,6982,6979,7014,7023,69.824,-530.176,exercise,804,444,0.1613,826.15,422,0.16377
86,7064,7060,7096,7105,70.638,-529.362,exercise,814,448,0.18831,828.78,422.44,0.16366
87,7145,7141,7177,7183,71.448,-528.552,exercise,810,420,0.12689,831.76,422.44,0.16096
88,7225,7221,7257,7262,72.25,-527.75,exercise,802,408,0.1742,834.15,423.12,0.15859
89,7307,7304,7339,7348,73.074,-526.926,exercise,824,438,0.19207,837.46,423.46,0.16225
90,7391,7388,7424,7430,73.912,-526.088,exercise,838,424,0.14043,841.71,423.51,0.16187
91,7473,7469,7504,7511,74.726,-525.274,exercise,814,420,0.15979,845.27,423.07,0.16053
92,7556,7553,7588,7594,75.564,-524.436,exercise,838,414,0.18222,849.61,422.93,0.16167
93,7639,7635,7671,7675,76.386,-523.614,exercise,822,400,0.11343,853.71,423.8,0.16096
94,7721,7717,7752,7757,77.206,-522.794,exercise,820,402,0.1889,856.15,423.51,0.15901
95,7805,7801,7837,7842,78.048,-521.952,exercise,842,412,0.21261,857.37,423.76,0.15898
96,7889,7886,7921,7929,78.892,-521.108,exercise,844,428,0.15746,858.54,423.12,0.1578
97,7973,7970,8006,8014,79.734,-520.266,exercise,842,444,0.16467,858.93,422.98,0.15644
98,8059,8055,8091,8097,80.586,-519.414,exercise,852,422,0.16087,857.85,423.07,0.15523
99,8145,8141,8177,8183,81.446,-518.554,exercise,860,420,0.16811,857.17,422.54,0.15561
100,8233,8229,8265,8272,82.328,-517.672,exercise,882,426,0.17098,857.32,422.59,0.15612
101,8321,8317,8354,8361,83.206,-516.794,exercise,878,438,0.12755,857.51,422.1,0.1557
102,8405,8402,8437,8444,84.054,-515.946,exercise,848,418,0.14758,858.24,421.9,0.15809
103,8492,8489,8524,8529,84.924,-515.076,exercise,870,400,0.2016,859.71,421.56,0.15724
104,8581,8578,8613,8618,85.81,-514.19,exercise,886,402,0.18296,861.85,421.9,0.15876
105,8672,8668,8704,8709,86.718,-513.282,exercise,908,408,0.14217,864.83,421.85,0.15785
106,8764,8761,8797,8803,87.64,-512.36,exercise,922,422,0.17218,866.88,421.22,0.15707
107,8857,8854,8890,8896,88.57,-511.43,exercise,930,424,0.10691,868.78,420.63,0.15604
108,8947,8943,8979,8986,89.466,-510.534,exercise,896,434,0.1533,871.02,420.93,0.15698
109,9038,9035,9070,9075,90.382,-509.618,exercise,916,408,0.19181,873.76,421.17,0.15552
110,9131,9127,9163,9169,91.306,-508.694,exercise,924,420,0.16758,875.27,420.73,0.15268
111,9220,9216,9252,9257,92.196,-507.804,exercise,890,408,0.11596,876.88,420.83,0.15278
112,9310,9306,9342,9350,93.098,-506.902,exercise,902,434,0.20584,879.12,420.88,0.15282
113,9400,9396,9432,9441,93.996,-506.004,exercise,898,454,0.13787,880.73,420.73,0.15047
114,9485,9482,9518,9524,94.854,-505.146,exercise,858,418,0.10898,881.56,421.12,0.15053
115,9570,9567,9602,9609,95.702,-504.298,exercise,848,420,0.12854,882.54,421.51,0.14839
116,9657,9653,9689,9694,96.568,-503.432,exercise,866,412,0.15391,883.51,422.05,0.14685
117,9743,9740,9776,9783,97.434,-502.566,exercise,866,434,0.10766,884.73,422.29,0.1463
118,9828,9824,9860,9868,98.278,-501.722,exercise,844,442,0.13475,885.9,421.71,0.14459
119,9915,9911,9947,9952,99.148,-500.852,exercise,870,408,0.18302,886.39,422,0.14448
120,10003,10000,10036,10041,100.034,-499.966,exercise,886,412,0.14821,887.17,421.71,0.14377
121,10090,10087,10123,10129,100.904,-499.096,exercise,870,424,0.12342,887.61,422,0.14408
122,10177,10174,10210,10216,101.774,-498.226,exercise,870,420,0.19007,887.85,421.9,0.14456
123,10266,10263,10299,10304,102.662,-497.338,exercise,888,408,0.16934,888.68,422.2,0.14414
124,10356,10353,10389,10397,103.564,-496.436,exercise,902,436,0.14777,888.39,422.73,0.14277
125,10448,10444,10481,10487,104.478,-495.522,exercise,914,422,0.16052,887.66,423.02,0.14148
126,10537,10533,10570,10575,105.366,-494.634,exercise,888,418,0.12956,885.76,423.56,0.13988
127,10626,10622,10658,10665,106.258,-493.742,exercise,892,424,0.14603,882.49,423.95,0.14138
128,10716,10713,10749,10756,107.16,-492.84,exercise,902,432,0.16522,878.98,423.71,0.14508
129,10807,10804,10841,10846,108.074,-491.926,exercise,914,418,0.11452,876.2,423.76,0.14487
130,10896,10892,10929,10934,108.96,-491.04,exercise,886,420,0.07574,872.59,424.68,0.14295
131,10986,10983,11019,11026,109.864,-490.136,exercise,904,428,0.14456,869.07,425.37,0.14301
132,11077,11074,11110,11116,110.77,-489.23,exercise,906,422,0.16113,866.68,425.02,0.14419
133,11167,11164,11201,11205,111.674,-488.326,exercise,904,408,0.08615,864.05,424,0.1425
134,11253,11249,11286,11291,112.53,-487.47,exercise,856,416,0.11568,861.8,422.73,0.14395
135,11339,11335,11372,11377,113.39,-486.61,exercise,860,418,0.10119,860.54,422.68,0.1454
136,11427,11424,11460,11467,114.272,-485.728,exercise,882,434,0.14945,859.56,422.29,0.14525
137,11517,11513,11549,11557,115.166,-484.834,exercise,894,438,0.13489,857.37,422.44,0.14461
138,11606,11602,11639,11644,116.056,-483.944,exercise,890,420,0.09452,855.12,421.8,0.14492
139,11693,11689,11725,11733,116.928,-483.072,exercise,872,434,0.15667,853.56,421.66,0.14614
140,11782,11779,11815,11819,117.82,-482.18,exercise,892,408,0.13891,851.46,421.51,0.1458
141,11872,11869,11905,11912,118.72,-481.28,exercise,900,438,0.18349,849.02,422,0.14677
142,11961,11957,11994,12001,119.608,-480.392,exercise,888,434,0.14731,847.02,421.51,0.14983
143,12049,12045,12083,12088,120.49,-479.51,exercise,882,430,0.13056,845.02,422.05,0.14923
144,12135,12131,12167,12173,121.348,-478.652,exercise,858,422,0.1453,842.15,421.51,0.14834
145,12220,12217,12254,12258,122.204,-477.796,exercise,856,414,0.12996,839.17,421.41,0.15012
146,12303,12300,12336,12343,123.034,-476.966,exercise,830,430,0.07656,835.9,421.32,0.15061
147,12382,12379,12415,12423,123.822,-476.178,exercise,788,438,0.23382,833.41,420.73,0.1528
148,12461,12457,12493,12499,124.608,-475.392,exercise,786,414,0.25842,831.02,420.63,0.15414
149,12539,12536,12572,12580,125.39,-474.61,exercise,782,436,NaN,828.49,420.29,0.15487
150,12616,12612,12648,12657,126.158,-473.842,exercise,768,446,0.11504,825.56,420.63,0.15713
151,12694,12691,12727,12736,126.938,-473.062,exercise,780,448,0.16976,823.22,420.05,0.15948
152,12773,12770,12804,12809,127.73,-472.27,exercise,792,394,0.16335,820.24,419.41,0.15973
153,12852,12849,12885,12888,128.524,-471.476,exercise,794,392,0.13809,816.73,419.51,0.15984
154,12933,12930,12965,12970,129.33,-470.67,exercise,806,402,0.19583,813.56,419.56,0.1596
155,13014,13010,13046,13052,130.136,-469.864,exercise,806,416,0.1671,811.85,419.8,0.16073
156,13094,13091,13127,13131,130.944,-469.056,exercise,808,404,0.12235,810.44,418.93,0.16256
157,13172,13169,13204,13210,131.72,-468.28,exercise,776,418,0.1286,809.02,417.76,0.16182
158,13249,13246,13282,13287,132.494,-467.506,exercise,774,408,0.12013,806.93,417.02,0.1623
159,13327,13324,13360,13368,133.274,-466.726,exercise,780,436,0.18324,805.12,417.07,0.16487
160,13406,13402,13438,13443,134.058,-465.942,exercise,784,402,0.16964,803.85,416.49,0.16269
161,13484,13481,13517,13524,134.844,-465.156,exercise,786,432,0.18709,802.54,416.83,0.16328
162,13563,13560,13596,13600,135.632,-464.368,exercise,788,404,0.24583,801.56,417.22,0.16408
163,13642,13639,13675,13683,136.42,-463.58,exercise,788,442,0.16595,800.78,416.88,0.16188
164,13719,13716,13751,13754,137.19,-462.81,exercise,770,386,0.13375,800.2,416.59,0.16202
165,13797,13794,13829,13837,137.97,-462.03,exercise,780,432,0.21902,800,415.95,0.16297
166,13875,13872,13907,13914,138.75,-461.25,exercise,780,418,0.17995,799.66,416.34,0.16451
167,13954,13951,13987,13990,139.536,-460.464,exercise,786,394,0.21716,799.8,416.24,0.16697
168,14033,14030,14066,14072,140.33,-459.67,exercise,794,420,0.19972,800,415.66,0.16517
169,14113,14109,14146,14151,141.128,-458.872,exercise,798,418,0.19455,800.15,415.41,0.16273
170,14192,14189,14225,14232,141.922,-458.078,exercise,794,432,0.20478,800.39,414.68,0.16432
171,14271,14268,14304,14307,142.712,-457.288,exercise,790,396,0.16988,800.88,414.44,0.16634
172,14349,14347,14382,14387,143.494,-456.506,exercise,782,402,0.1542,800.93,413.71,0.16493
173,14426,14422,14458,14465,144.256,-455.744,exercise,762,426,0.16551,800.15,414.68,0.16711
174,14503,14500,14535,14541,145.03,-454.97,exercise,774,410,0.07682,799.51,415.37,0.1679
175,14582,14579,14612,14621,145.816,-454.184,exercise,786,426,NaN,798.63,415.41,0.16594
176,14662,14658,14693,14697,146.618,-453.382,exercise,802,382,0.17261,797.12,415.46,0.1655
177,14744,14742,14776,14780,147.442,-452.558,exercise,824,386,0.12078,795.61,415.46,0.16676
178,14825,14822,14857,14862,148.25,-451.75,exercise,808,408,0.15344,794.78,415.37,0.16748
179,14907,14903,14938,14945,149.066,-450.934,exercise,816,422,0.19489,793.9,415.51,0.16889
180,14989,14985,15021,15026,149.886,-450.114,exercise,820,410,0.07153,793.02,415.41,0.16994
181,15072,15069,15104,15111,150.724,-449.276,exercise,838,422,0.16179,792.15,415.61,0.17259
182,15158,15155,15190,15200,151.584,-448.416,exercise,860,454,0.21479,791.46,415.12,0.173
183,15244,15241,15276,15283,152.44,-447.56,exercise,856,420,0.06151,790.78,416,0.17279
184,15330,15326,15364,15368,153.298,-446.702,exercise,858,418,0.1361,790.15,415.61,0.17331
185,15415,15411,15448,15451,154.148,-445.852,exercise,850,396,0.18236,789.8,416.44,0.17371
186,15499,15496,15531,15539,154.99,-445.01,exercise,842,430,0.19003,789.56,415.61,0.17207
187,15583,15579,15617,15622,155.826,-444.174,exercise,836,426,0.17252,789.51,415.61,0.17223
188,15662,15659,15695,15700,156.622,-443.378,exercise,796,414,0.1635,789.27,416.1,0.16992
189,15741,15738,15774,15778,157.414,-442.586,exercise,792,404,0.1631,788.44,416.49,0.16776
190,15821,15817,15854,15858,158.206,-441.794,exercise,792,406,0.22642,787.76,416.59,0.16677
191,15899,15896,15933,15940,158.994,-441.006,exercise,788,436,0.19588,787.95,416.39,0.16501
192,15978,15974,16012,16016,159.776,-440.224,exercise,782,418,0.1134,788.1,417.32,0.165
193,16054,16050,16086,16093,160.536,-439.464,exercise,760,434,0.25065,788.29,417.37,0.16689
194,16130,16127,16162,16169,161.304,-438.696,exercise,768,420,0.16968,789.32,417.41,0.16754
195,16207,16204,16240,16244,162.074,-437.926,exercise,770,404,0.1173,790.05,417.61,0.16953
196,16282,16278,16314,16320,162.818,-437.182,exercise,744,418,0.14968,790.39,418.29,0.16832
197,16356,16353,16389,16393,163.564,-436.436,exercise,746,404,0.17273,789.66,419.02,0.16659
198,16431,16427,16463,16469,164.306,-435.694,exercise,742,414,0.15747,788.05,419.9,0.16778
199,16504,16501,16537,16542,165.044,-434.956,exercise,738,414,0.17638,786.83,419.56,0.17005
200,16579,16575,16610,16618,165.788,-434.212,exercise,744,432,0.22506,785.32,419.66,0.17079
201,16654,16650,16685,16691,166.536,-433.464,exercise,748,410,0.27572,783.32,420.15,0.17327
202,16729,16726,16761,16767,167.294,-432.706,exercise,758,412,0.20366,780.73,419.51,0.17288
203,16805,16803,16837,16847,168.054,-431.946,exercise,760,440,0.23714,777.9,419.27,0.17362
204,16882,16878,16914,16921,168.816,-431.184,exercise,762,426,0.18699,775.27,418.63,0.17763
205,16957,16954,16991,16996,169.572,-430.428,exercise,756,420,0.14968,772.98,418,0.17577
206,17034,17031,17067,17070,170.342,-429.658,exercise,770,398,0.15354,770.73,418.39,0.17621
207,17112,17109,17144,17150,171.12,-428.88,exercise,778,418,0.1864,768.73,418.68,0.17674
208,17190,17186,17223,17228,171.896,-428.104,exercise,776,414,0.12459,767.27,418.78,0.17814
209,17266,17262,17299,17306,172.656,-427.344,exercise,760,436,0.11316,766.83,418.98,0.17816
210,17343,17339,17375,17381,173.426,-426.574,exercise,770,422,0.1552,766.44,419.41,0.17914
211,17423,17419,17455,17462,174.228,-425.772,exercise,802,424,0.13431,766,420.34,0.17775
212,17502,17499,17535,17542,175.024,-424.976,exercise,796,434,0.16951,765.17,419.66,0.17762
213,17581,17578,17613,17618,175.814,-424.186,exercise,790,404,0.22973,764.24,419.41,0.17975
214,17662,17658,17694,17701,176.618,-423.382,exercise,804,428,0.19148,764.1,419.02,0.17835
215,17742,17739,17774,17781,177.422,-422.578,exercise,804,418,0.15653,764.15,418.93,0.17926
216,17822,17819,17856,17864,178.222,-421.778,exercise,800,454,0.11973,764.54,419.32,0.18191
217,17899,17896,17934,17937,178.994,-421.006,exercise,772,412,0.1017,765.9,419.61,0.18213
218,17975,17972,18007,18014,179.752,-420.248,exercise,758,422,0.1695,766.88,420.24,0.18059
219,18051,18048,18083,18088,180.51,-419.49,exercise,758,394,0.24687,768.2,420.44,0.18029
220,18126,18123,18160,18166,181.264,-418.736,exercise,754,426,0.22527,770.15,420.49,0.17993
221,18200,18197,18233,18240,182.002,-417.998,exercise,738,430,0.17281,771.71,420.1,0.1787
222,18273,18270,18306,18310,182.734,-417.266,exercise,732,396,0.14584,773.46,420.54,0.17593
223,18348,18344,18379,18389,183.478,-416.522,exercise,744,444,0.24545,775.61,420.39,0.17624
224,18423,18419,18455,18458,184.226,-415.774,exercise,748,394,0.2257,777.8,419.76,0.1743
225,18499,18496,18532,18535,184.99,-415.01,exercise,764,392,0.05999,779.66,419.56,0.1721
226,18575,18571,18606,18613,185.748,-414.252,exercise,758,412,0.20051,782.1,419.32,0.17295
227,18651,18647,18683,18692,186.508,-413.492,exercise,760,442,0.21176,784.59,419.51,0.17331
228,18728,18725,18759,18768,187.284,-412.716,exercise,776,430,0.22969,786.83,420.05,0.17304
229,18806,18803,18838,18845,188.062,-411.938,exercise,778,422,0.16455,788.39,419.85,0.17264
230,18884,18880,18917,18923,188.838,-411.162,exercise,776,422,0.20315,790.2,419.07,0.17413
231,18961,18958,18993,19002,189.612,-410.388,exercise,774,444,0.16935,791.51,418.29,0.17533
232,19037,19033,19071,19074,190.366,-409.634,exercise,754,408,0.19063,792.1,418.34,0.17532
233,19111,19108,19143,19149,191.11,-408.89,exercise,744,408,0.20081,792.98,418.34,0.17403
234,19186,19183,19219,19225,191.864,-408.136,exercise,754,418,0.19296,794.2,418.63,0.17178
235,19263,19260,19295,19302,192.634,-407.366,exercise,770,416,0.20734,794.98,418.39,0.1678
236,19342,19339,19374,19381,193.42,-406.58,exercise,786,420,0.22583,795.61,417.85,0.16714
237,19422,19419,19455,19462,194.22,-405.78,exercise,800,430,0.1588,795.76,417.27,0.16786
238,19501,19497,19533,19540,195.006,-404.994,exercise,786,430,0.10956,796.83,417.22,0.16893
239,19580,19577,19612,19619,195.802,-404.198,exercise,796,422,0.14523,798.15,416.88,0.16893
240,19662,19658,19694,19700,196.62,-403.38,exercise,818,416,0.16159,799.61,417.51,0.166
241,19743,19739,19775,19781,197.428,-402.572,exercise,808,416,0.17441,800.88,417.46,0.16423
242,19825,19821,19857,19864,198.248,-401.752,exercise,820,428,0.16228,802.54,417.51,0.16315
243,19909,19906,19943,19947,199.094,-400.906,exercise,846,406,0.21632,803.8,417.61,0.1638
244,19994,19991,20027,20032,199.944,-400.056,exercise,850,414,0.15743,804.63,416.63,0.16228
245,20078,20075,20110,20117,200.782,-399.218,exercise,838,418,0.09686,805.37,416.83,0.16349
246,20164,20160,20196,20201,201.638,-398.362,exercise,856,410,0.18457,805.71,416.83,0.16616
247,20251,20248,20284,20288,202.51,-397.49,exercise,872,406,0.16834,806.05,417.02,0.16494
248,20338,20334,20371,20378,203.38,-396.62,exercise,870,440,0.17518,806.39,415.9,0.16339
249,20422,20420,20455,20460,204.22,-395.78,exercise,840,406,0.10815,807.07,415.37,0.1622
250,20505,20502,20538,20542,205.054,-394.946,exercise,834,404,0.17435,808.44,415.17,0.16301
251,20588,20584,20620,20623,205.878,-394.122,exercise,824,390,0.20441,809.12,414.88,0.15901
252,20670,20667,20704,20709,206.704,-393.296,exercise,826,426,0.134,809.85,414.63,0.16036
253,20754,20750,20784,20794,207.536,-392.464,exercise,832,434,0.11645,811.99,414.88,0.1631
254,20838,20835,20872,20876,208.376,-391.624,exercise,840,416,0.13767,814.38,414.98,0.16318
255,20921,20918,20953,20960,209.212,-390.788,exercise,836,418,0.02832,815.85,415.02,0.16152
256,21004,21001,21037,21041,210.042,-389.958,exercise,830,396,0.12945,816.73,415.37,0.16071
257,21085,21082,21118,21125,210.848,-389.152,exercise,806,430,0.14924,817.9,415.07,0.1596
258,21166,21163,21199,21204,211.664,-388.336,exercise,816,410,0.14534,818.87,414.68,0.16
259,21248,21244,21280,21285,212.476,-387.524,exercise,812,408,0.1699,820.38,414.34,0.15976
260,21329,21326,21365,21368,213.294,-386.706,exercise,818,420,0.12638,821.36,414.24,0.15839
261,21410,21407,21442,21449,214.1,-385.9,exercise,806,424,0.15277,821.9,414.24,0.15752
262,21491,21487,21524,21530,214.906,-385.094,exercise,806,432,0.12864,823.31,414.24,0.15761
263,21569,21565,21601,21605,215.69,-384.31,exercise,784,400,0.17231,824.73,413.76,0.15789
264,21647,21643,21678,21684,216.468,-383.532,exercise,778,404,0.1834,825.75,413.8,0.15655
265,21725,21721,21757,21761,217.246,-382.754,exercise,778,402,0.27502,826.92,414.1,0.15657
266,21802,21799,21834,21838,218.024,-381.976,exercise,778,392,0.16946,828.34,414.49,0.15863
267,21880,21876,21911,21918,218.796,-381.204,exercise,772,420,0.15084,828.34,414.34,0.15796
268,21957,21954,21989,21993,219.57,-380.43,exercise,774,396,0.14824,828.14,414.44,0.15843
269,22037,22034,22069,22075,220.374,-379.626,exercise,804,408,0.18053,827.36,413.56,0.15856
270,22121,22117,22152,22159,221.208,-378.792,exercise,834,414,0.19801,827.12,414,0.15966
271,22173,22170,22206,22211,221.732,-378.268,exercise,804.03,410,0.03907,826.58,414.39,0.15843
272,22292,22289,22327,22332,222.924,-377.076,exercise,803.7,434,0.22454,825.7,414.54,0.15793
273,22377,22374,22410,22416,223.766,-376.234,exercise,842,418,0.30333,825.07,414.59,0.15912
274,22461,22457,22494,22498,224.608,-375.392,exercise,842,412,0.2038,824.43,414.24,0.16024
275,22542,22539,22575,22581,225.422,-374.578,exercise,814,420,0.12511,823.94,414.1,0.16195
276,22623,22619,22655,22662,226.228,-373.772,exercise,806,430,0.17407,823.51,414.05,0.1645
277,22706,22703,22738,22744,227.062,-372.938,exercise,834,408,0.18027,822.97,414.73,0.16537
278,22790,22787,22823,22828,227.902,-372.098,exercise,840,414,0.17524,823.65,414.59,0.1661
279,22875,22872,22908,22913,228.75,-371.25,exercise,848,416,0.09954,824.24,414.15,0.16542
280,22959,22955,22992,22997,229.586,-370.414,exercise,836,418,0.08903,824.53,414.78,0.16447
281,23043,23039,23075,23081,230.426,-369.574,exercise,840,416,0.12616,824.48,414.24,0.16626
282,23129,23126,23162,23167,231.292,-368.708,exercise,866,416,0.17797,824.73,414.05,0.16633
283,23217,23214,23250,23254,232.17,-367.83,exercise,878,408,0.17384,824.24,414,0.16615
284,23306,23302,23338,23343,233.058,-366.942,exercise,888,408,0.16135,823.9,415.12,0.16764
285,23396,23392,23429,23435,233.956,-366.044,exercise,898,426,0.15836,823.41,415.51,0.16787
286,23485,23482,23518,23525,234.852,-365.148,exercise,896,434,0.18098,822.63,416.44,0.16534
287,23571,23567,23604,23608,235.708,-364.292,exercise,856,404,0.15719,822.19,417.22,0.16543
288,23657,23654,23690,23695,236.572,-363.428,exercise,864,410,0.18767,822.34,417.07,0.16625
289,23741,23738,23774,23778,237.41,-362.59,exercise,838,404,0.18062,823.12,417.41,0.16709
290,23824,23821,23857,23864,238.24,-361.76,exercise,830,424,0.15303,823.51,417.71,0.16662
291,23905,23902,23940,23944,239.052,-360.948,exercise,812,420,0.12412,823.65,417.85,0.16619
292,23984,23980,24016,24020,239.84,-360.16,exercise,788,396,0.18377,824.48,417.9,0.16872
293,24064,24061,24096,24103,240.64,-359.36,exercise,800,428,0.18295,825.17,418.39,0.16653
294,24145,24141,24176,24183,241.446,-358.554,exercise,806,420,0.16236,824.44,418.2,0.16199
295,24227,24223,24259,24264,242.266,-357.734,exercise,820,410,0.20757,822.83,418.15,0.16085
296,24308,24305,24341,24346,243.084,-356.916,exercise,818,416,0.13314,821.8,417.61,0.16268
297,24389,24386,24421,24428,243.892,-356.108,exercise,808,424,0.16483,820.88,417.12,0.16393
298,24473,24469,24504,24511,244.726,-355.274,exercise,834,424,0.1794,818.93,417.51,0.16322
299,24557,24553,24590,24593,245.566,-354.434,exercise,840,392,0.1172,816.63,418.24,0.16234
300,24639,24636,24671,24679,246.39,-353.61,exercise,824,434,0.13126,814.73,418.1,0.16408
301,24721,24717,24753,24757,247.206,-352.794,exercise,816,398,0.1998,813.37,418.63,0.16532
302,24802,24799,24836,24840,248.022,-351.978,exercise,816,416,0.15561,811.56,418.44,0.16653
303,24881,24877,24912,24920,248.808,-351.192,exercise,786,430,0.12101,809.22,418.83,0.16618
304,24958,24955,24992,24999,249.578,-350.422,exercise,770,446,0.23347,806.93,419.02,0.16589
305,25034,25030,25067,25072,250.336,-349.664,exercise,758,420,0.19294,804.83,419.22,0.16528
306,25108,25105,25141,25149,251.082,-348.918,exercise,746,440,0.17132,802.44,419.22,0.16795
307,25184,25181,25216,25223,251.842,-348.158,exercise,760,424,0.1729,799.8,418.73,0.16608
308,25262,25259,25293,25300,252.62,-347.38,exercise,778,414,0.18483,798,419.27,0.16596
309,25343,25339,25375,25380,253.426,-346.574,exercise,806,410,0.18248,795.61,418.98,0.16408
310,25425,25421,25457,25463,254.246,-345.754,exercise,820,420,0.16145,793.61,418.83,0.16413
311,25509,25505,25541,25547,255.086,-344.914,exercise,840,420,0.18003,792.05,418.98,0.16507
312,25592,25589,25626,25630,255.924,-344.076,exercise,838,412,0.14279,790.83,418.63,0.16668
313,25676,25672,25710,25718,256.756,-343.244,exercise,832,454,0.13508,790,419.9,0.16556
314,25757,25753,25791,25794,257.568,-342.432,exercise,812,410,0.11714,788.98,419.95,0.16485
315,25834,25831,25867,25872,258.344,-341.656,exercise,776,410,0.15678,788.1,420.39,0.16446
316,25912,25908,25944,25948,259.116,-340.884,exercise,772,398,0.20043,786.63,420.78,0.16336
317,25988,25985,26021,26026,259.884,-340.116,exercise,768,410,0.22519,785.85,421.17,0.16556
318,26064,26060,26096,26103,260.638,-339.362,exercise,754,424,0.15101,785.9,420.88,0.16483
319,26138,26135,26171,26179,261.384,-338.616,exercise,746,444,0.13946,785.95,420.68,0.16451
320,26215,26212,26248,26253,262.154,-337.846,exercise,770,410,0.17074,786.15,421.17,0.16547
321,26293,26290,26326,26334,262.934,-337.066,exercise,780,440,0.14004,786.39,420.24,0.16395
322,26370,26367,26403,26407,263.7,-336.3,exercise,766,408,0.17567,786.34,421.12,0.16271
323,26447,26443,26479,26487,264.47,-335.53,exercise,770,432,0.16351,786.73,420.88,0.16292
324,26525,26522,26559,26564,265.254,-334.746,exercise,784,416,0.162,787.17,420.24,0.16365
325,26606,26602,26637,26644,266.056,-333.944,exercise,802,416,0.13644,787.41,419.12,0.16223
326,26686,26682,26718,26725,266.856,-333.144,exercise,800,426,0.26777,788.24,418.68,0.16127
327,26764,26761,26798,26803,267.644,-332.356,exercise,788,414,0.10423,789.61,418.29,0.16037
328,26843,26839,26875,26882,268.426,-331.574,exercise,782,426,0.15238,790.83,418.2,0.15949
329,26919,26916,26953,26956,269.192,-330.808,exercise,766,398,0.11061,791.95,418.54,0.15836
330,26995,26991,27027,27031,269.948,-330.052,exercise,756,398,0.1827,793.02,419.37,0.15704
331,27071,27068,27104,27111,270.714,-329.286,exercise,766,430,0.19155,793.76,419.32,0.15566
332,27148,27144,27182,27185,271.476,-328.524,exercise,762,406,0.19009,794,418.88,0.15502
333,27223,27220,27256,27264,272.23,-327.77,exercise,754,448,0.13768,794.44,418.78,0.15485
334,27299,27295,27332,27338,272.988,-327.012,exercise,758,430,0.15405,795.02,418,0.15448
335,27376,27372,27409,27416,273.758,-326.242,exercise,770,438,0.14638,796.34,418.2,0.15558
336,27452,27448,27484,27491,274.518,-325.482,exercise,760,426,0.16226,798.15,418.83,0.15456
337,27530,27527,27563,27570,275.304,-324.696,exercise,786,432,0.22343,800.39,419.56,0.15375
338,27611,27608,27644,27649,276.114,-323.886,exercise,810,412,0.13508,803.17,419.85,0.15102
339,27695,27692,27730,27733,276.95,-323.05,exercise,836,416,0.16599,806.05,419.27,0.15166
340,27780,27776,27813,27818,277.798,-322.202,exercise,848,412,0.1566,809.02,418.49,0.15335
341,27863,27860,27897,27899,278.632,-321.368,exercise,834,396,0.06884,811.66,419.32,0.15344
342,27945,27941,27978,27985,279.446,-320.554,exercise,814,434,0.14926,814,419.02,0.15435
343,28028,28025,28061,28065,280.278,-319.722,exercise,832,406,0.16427,816.39,418.88,0.15298
344,28108,28105,28141,28145,281.082,-318.918,exercise,804,404,0.15066,818.05,418.59,0.15244
345,28186,28183,28219,28223,281.862,-318.138,exercise,780,400,0.17529,819.27,418.88,0.15179
346,28265,28262,28300,28302,282.654,-317.346,exercise,792,402,0.15354,820.49,418.54,0.15266
347,28346,28342,28379,28385,283.456,-316.544,exercise,802,424,0.13456,822.24,418.73,0.15086
348,28427,28423,28460,28465,284.266,-315.734,exercise,810,420,0.13682,823.95,418.78,0.15155
349,28509,28506,28542,28548,285.09,-314.91,exercise,824,428,0.13834,826.24,419.07,0.15144
350,28594,28591,28627,28635,285.94,-314.06,exercise,850,444,0.12843,829.46,419.41,0.15273
351,28679,28676,28712,28718,286.79,-313.21,exercise,850,418,0.10508,832.68,419.9,0.15111
352,28764,28761,28797,28801,287.64,-312.36,exercise,850,402,0.15365,834.44,420,0.14933
353,28850,28846,28883,28887,288.496,-311.504,exercise,856,408,0.13592,836.29,420.05,0.14777
354,28935,28933,28969,28975,289.352,-310.648,exercise,856,422,0.11959,838.59,419.46,0.14814
355,29022,29018,29056,29060,290.218,-309.782,exercise,866,418,0.16238,840.98,419.22,0.14854
356,29107,29103,29141,29147,291.068,-308.932,exercise,850,436,0.11511,843.66,419.07,0.1481
357,29193,29190,29226,29233,291.932,-308.068,exercise,864,428,0.16704,846.83,419.51,0.14856
358,29281,29278,29315,29320,292.814,-307.186,exercise,882,422,0.11315,849.41,418.83,0.14701
359,29369,29365,29402,29405,293.686,-306.314,exercise,872,400,0.17746,850.88,419.27,0.14629
360,29455,29453,29488,29494,294.554,-305.446,exercise,868,412,0.2088,851.56,419.66,0.14698
361,29543,29540,29576,29584,295.432,-304.568,exercise,878,444,0.17457,852,419.76,0.14569
362,29631,29627,29664,29670,296.308,-303.692,exercise,876,428,0.17714,852.49,420.34,0.14743
363,29717,29714,29750,29754,297.172,-302.828,exercise,864,402,0.11944,853.32,419.56,0.14857
364,29801,29798,29834,29840,298.01,-301.99,exercise,838,420,0.14137,853.51,419.76,0.1472
365,29884,29881,29917,29924,298.844,-301.156,exercise,834,428,0.13562,854.2,420.29,0.1461
366,29970,29966,30003,30006,299.696,-300.304,exercise,852,402,0.17188,855.71,421.17,0.14581
367,30057,30053,30090,30097,300.568,-299.432,exercise,872,434,0.19414,857.46,421.46,0.14602
368,30143,30139,30175,30181,301.426,-298.574,exercise,858,416,0.13243,859.37,421.61,0.14628
369,30230,30227,30263,30271,302.302,-297.698,exercise,876,438,0.14795,861.61,421.9,0.14656
370,30320,30317,30353,30358,303.2,-296.8,exercise,898,412,0.16355,863.51,421.76,0.14725
371,30409,30405,30443,30447,304.088,-295.912,exercise,888,418,0.11619,865.17,421.66,0.14771
372,30493,30489,30526,30533,304.926,-295.074,exercise,838,434,0.11868,867.02,421.61,0.14884
373,30576,30573,30609,30614,305.764,-294.236,exercise,838,408,0.12596,866.04,422.63,0.14866
374,30661,30658,30694,30700,306.612,-293.388,exercise,848,424,0.15292,864.88,423.02,0.14924
375,30747,30743,30779,30785,307.468,-292.532,exercise,856,420,0.17018,863.7,422.83,0.14956
376,30835,30831,30867,30875,308.348,-291.652,exercise,880,432,0.12835,862.24,423.32,0.14945
377,30924,30920,30957,30965,309.238,-290.762,exercise,890,444,0.18125,861.15,423.17,0.151
378,31013,31010,31047,31050,310.13,-289.87,exercise,892,404,0.16002,859.68,423.32,0.15056
379,31100,31097,31134,31140,311,-289,exercise,870,430,0.1054,857.74,423.41,0.15174
380,31186,31183,31219,31226,311.864,-288.136,exercise,864,432,0.19419,858.81,423.95,0.15037
381,31273,31269,31306,31311,312.73,-287.27,exercise,866,416,0.10368,859.93,424,0.14928
382,31358,31355,31392,31397,313.584,-286.416,exercise,854,420,0.14055,857.96,423.66,0.14884
383,31443,31440,31477,31480,314.432,-285.568,exercise,848,402,0.19595,855.99,423.27,0.1471
384,31527,31524,31561,31565,315.272,-284.728,exercise,840,414,0.10793,856.18,424.15,0.14801
385,31610,31607,31643,31650,316.104,-283.896,exercise,832,426,0.1056,857.01,424.34,0.14914
386,31695,31691,31728,31735,316.946,-283.054,exercise,842,436,0.16347,858.67,423.95,0.14939
387,31781,31778,31814,31819,317.81,-282.19,exercise,864,414,0.16214,859.75,424.15,0.14963
388,31869,31865,31902,31908,318.69,-281.31,exercise,880,430,0.14522,859.45,423.22,0.14821
389,31959,31956,31993,31999,319.592,-280.408,exercise,902,432,0.14814,858.96,423.17,0.15101
390,32049,32046,32082,32088,320.494,-279.506,exercise,902,422,0.16668,857.45,423.07,0.15073
391,32141,32138,32175,32182,321.412,-278.588,exercise,918,440,0.14734,854.92,422.88,0.15339
392,32234,32230,32267,32272,322.338,-277.662,exercise,926,416,0.15154,852.62,422.93,0.15578
393,32328,32324,32361,32369,323.278,-276.722,exercise,809.57,444,0.14617,851.35,422.29,0.15659
394,32423,32419,32456,32462,324.228,-275.772,exercise,808.56,424,0.15979,849.7,422.24,0.15656
395,32516,32512,32549,32554,325.156,-274.844,exercise,807.47,414,0.13255,847.7,421.71,0.15655
396,32609,32606,32643,32649,326.09,-273.91,exercise,806.26,438,0.15782,845.65,422.34,0.15707
397,32705,32702,32738,32745,327.05,-272.95,exercise,805.21,430,0.17888,842.62,422.34,0.15834
398,32800,32797,32833,32840,328,-272,exercise,803.88,434,0.14904,839.21,420.98,0.15701
399,32894,32891,32927,32933,328.936,-271.064,exercise,802.35,426,0.16141,835.55,421.41,0.15588
400,32985,32982,33019,33024,329.852,-270.148,exercise,916,422,0.12106,832.62,421.22,0.15836
401,33077,33073,33109,33115,330.766,-269.234,exercise,914,414,0.16445,829.5,420.63,0.15838
402,33170,33166,33203,33209,331.696,-268.304,exercise,796.93,430,0.15652,826.14,420.39,0.1583
403,33261,33258,33295,33299,332.612,-267.388,exercise,795.32,412,0.10581,823.11,419.46,0.15793
404,33348,33345,33382,33389,333.484,-266.516,exercise,872,438,0.15675,820.33,419.46,0.15698
405,33436,33432,33469,33475,334.356,-265.644,exercise,872,428,0.18773,818.04,419.56,0.15868
406,33526,33522,33558,33564,335.258,-264.742,exercise,902,412,0.14552,815.65,419.27,0.1575
407,33615,33612,33649,33653,336.154,-263.846,exercise,896,410,0.18195,813.11,417.85,0.16051
408,33701,33698,33734,33738,337.014,-262.986,exercise,860,396,0.13579,809.94,418.05,0.16331
409,33785,33781,33818,33823,337.852,-262.148,exercise,838,414,0.2473,806.23,417.8,0.16505
410,33867,33864,33897,33908,338.666,-261.334,exercise,814,434,0.13629,802.18,416.93,0.16742
411,33946,33942,33976,33983,339.46,-260.54,exercise,794,404,0.27273,797.99,415.8,0.17107
412,34025,34022,34058,34064,340.254,-259.746,exercise,794,420,0.21433,793.4,414.49,0.17496
413,34104,34101,34139,34141,341.04,-258.96,exercise,786,408,0.15167,788.62,413.56,0.17901
414,34181,34177,34214,34218,341.81,-258.19,exercise,770,406,0.12484,786.78,412.93,0.18199
415,34258,34255,34288,34295,342.576,-257.424,exercise,766,402,0.15254,784.57,412.68,0.18296
416,34335,34331,34366,34376,343.348,-256.652,exercise,772,446,0.19153,782.39,412.24,0.18446
417,34410,34407,34444,34450,344.104,-255.896,exercise,756,432,0.1802,780.19,411.76,0.18365
418,34485,34482,34518,34521,344.854,-255.146,exercise,750,388,0.12701,778.16,410.59,0.18378
419,34560,34556,34592,34598,345.596,-254.404,exercise,742,422,0.11343,775.92,410.29,0.18417
420,34635,34631,34669,34674,346.346,-253.654,exercise,750,422,0.20733,773.13,410.1,0.18508
421,34708,34705,34740,34746,347.082,-252.918,exercise,736,408,0.19501,767.81,409.85,0.18434
422,34781,34777,34813,34818,347.81,-252.19,exercise,728,406,0.10046,762.15,409.75,0.18216
423,34854,34850,34885,34889,348.54,-251.46,exercise,730,382,0.1253,759.35,409.7,0.18283
424,34927,34925,34958,34965,349.274,-250.726,exercise,734,402,NaN,756.49,409.15,0.18696
425,35002,34999,35034,35040,350.02,-249.98,exercise,746,418,0.17594,751.41,407.9,0.1873
426,35075,35072,35108,35113,350.754,-249.246,exercise,734,414,0.05835,746.05,407.35,0.18667
427,35149,35146,35180,35184,351.492,-248.508,exercise,738,378,0.28371,739.66,407.25,0.18777
428,35223,35220,35256,35262,352.226,-247.774,exercise,734,422,0.27413,733.46,406.65,0.18947
429,35295,35292,35329,35334,352.954,-247.046,exercise,728,420,0.21487,728.2,406.9,0.19092
430,35369,35366,35401,35405,353.69,-246.31,exercise,736,396,0.24318,723.51,406.85,0.19005
431,35442,35439,35474,35477,354.42,-245.58,exercise,730,376,0.31255,719.22,405.7,0.19315
432,35515,35512,35547,35550,355.15,-244.85,exercise,730,386,0.30295,715.51,405.65,0.1883
433,35588,35585,35619,35622,355.88,-244.12,exercise,730,378,0.3136,711.71,405.15,0.18784
434,35661,35658,35693,35700,356.614,-243.386,exercise,734,418,0.26528,707.95,405.2,0.18712
435,35733,35730,35763,35771,357.332,-242.668,exercise,718,414,0.19851,704.44,404.75,0.18806
436,35805,35802,35838,35841,358.05,-241.95,exercise,718,396,0.19272,700.98,404.55,0.18905
437,35877,35873,35909,35915,358.766,-241.234,exercise,716,418,0.12551,697.56,403.4,0.18585
438,35949,35945,35980,35984,359.488,-240.512,exercise,722,382,NaN,694.39,402.9,0.18373
439,36020,36016,36052,36059,360.2,-239.8,exercise,712,422,0.16429,691.32,403.25,0.18334
440,36089,36085,36120,36127,360.888,-239.112,exercise,688,418,0.19707,688.44,402.85,0.18501
441,36159,36155,36191,36196,361.586,-238.414,exercise,698,412,0.09206,685.32,402.65,0.18456
442,36227,36223,36259,36267,362.268,-237.732,exercise,682,NaN,0.07943,682.39,402.6,0.1842
443,36295,36292,36328,36334,362.95,-237.05,exercise,682,428,NaN,679.76,402.85,0.18489
444,36363,36359,36395,36398,363.628,-236.372,exercise,678,390,0.26273,677.02,402.9,0.18365
445,36429,36426,36461,36465,364.292,-235.708,exercise,664,388,0.1696,673.9,403.05,0.18099
446,36494,36491,36528,36531,364.944,-235.056,exercise,652,406,0.16385,670.44,402.3,0.17838
447,36558,36555,36591,36596,365.584,-234.416,exercise,640,408,0.18726,667.07,401.15,0.17708
448,36623,36619,36656,36658,366.226,-233.774,exercise,642,386,0.24634,663.56,401.9,0.17072
449,36687,36684,36718,36724,366.87,-233.13,exercise,644,406,NaN,660.15,401.55,0.16622
450,36752,36748,36785,36789,367.516,-232.484,exercise,646,412,0.2151,656.78,400.65,0.16451
451,36815,36812,36848,36851,368.154,-231.846,exercise,638,388,0.25108,653.37,400.2,0.16078
452,36880,36877,36912,36917,368.796,-231.204,exercise,642,402,0.09324,650.15,399.8,0.1515
453,36943,36940,36977,36980,369.434,-230.566,exercise,638,400,0.19735,646.88,400.45,0.14617
454,37007,37003,37038,37044,370.066,-229.934,exercise,632,410,0.12501,643.56,400.2,0.13877
455,37069,37066,37101,37105,370.692,-229.308,exercise,626,388,0.15988,640.15,398.2,0.13252
456,37132,37128,37165,37168,371.316,-228.684,exercise,624,394,NaN,637.02,397.1,0.12753
457,37195,37192,37227,37232,371.948,-228.052,exercise,632,400,0.07614,634.1,395.8,0.12133
458,37257,37254,37289,37295,372.574,-227.426,exercise,626,412,0.10391,631.17,394.4,0.1199
459,37320,37317,37352,37357,373.198,-226.802,exercise,624,402,0.11297,628.05,395.05,0.11931
460,37382,37379,37415,37419,373.822,-226.178,exercise,624,406,0.17383,625.02,393.7,0.1141
461,37444,37441,37479,37482,374.444,-225.556,exercise,622,414,0.1909,622.63,393.45,0.11219
462,37506,37503,37539,37543,375.06,-224.94,exercise,616,406,0.18218,620.05,392.1,0.11035
463,37568,37565,37601,37606,375.68,-224.32,exercise,620,416,0.12523,618,391.37,0.11118
464,37630,37626,37661,37665,376.298,-223.702,exercise,618,384,0.08056,615.71,389.37,0.10737
465,37690,37687,37722,37728,376.904,-223.096,exercise,606,408,0.08522,613.76,389.12,0.10317
466,37751,37747,37784,37786,377.508,-222.492,exercise,604,388,0.07954,612,387.8,0.09683
467,37810,37807,37842,37844,378.104,-221.896,exercise,596,368,0.01003,610.59,386.83,0.09497
468,37870,37867,37904,37907,378.698,-221.302,exercise,594,408,0.04841,609.46,386.83,0.09259
469,37929,37926,37960,37967,379.292,-220.708,exercise,594,408,0.10764,608.34,386.29,0.0858
470,37988,37985,38021,38023,379.882,-220.118,exercise,590,384,0.15161,607.17,386,0.0858
471,38048,38044,38079,38082,380.478,-219.522,exercise,596,378,0.10531,606,384.15,0.07736
472,38108,38104,38139,38140,381.076,-218.924,exercise,598,360,-0.03092,604.83,383.12,0.0724
473,38167,38164,38198,38205,381.672,-218.328,exercise,596,412,0.10577,603.56,381.8,0.06884
474,38227,38224,38257,38261,382.266,-217.734,exercise,594,368,0.03984,602.44,381.35,0.06154
475,38286,38283,38317,38316,382.86,-217.14,exercise,594,338,0.03423,601.32,380.62,0.0544
476,38345,38342,38376,38379,383.45,-216.55,exercise,590,370,0.01359,600.29,379.59,0.04598
477,38405,38401,38435,38436,384.048,-215.952,exercise,598,344,-0.03672,599.27,378,0.04598
478,38464,38462,38495,38498,384.644,-215.356,exercise,596,362,0.07268,598.29,376.21,0.04509
479,38524,38521,38558,38561,385.238,-214.762,exercise,594,408,0.09751,597.27,375.26,0.03811
480,38583,38579,38612,38616,385.826,-214.174,exercise,588,368,-0.03358,596.39,374.54,0.03584
481,38642,38638,38673,38679,386.416,-213.584,exercise,590,408,0.12443,595.22,372.92,0.03153
482,38701,38698,38730,38734,387.008,-212.992,exercise,592,358,0.02205,594.05,371.03,0.02638
483,38761,38757,38794,38793,387.606,-212.394,exercise,598,362,NaN,593.07,370.11,0.02119
484,38819,38816,38848,38851,388.194,-211.806,exercise,588,346,-0.03384,592,368.81,0.0176
485,38879,38876,38912,38914,388.792,-211.208,exercise,598,380,NaN,590.83,367.68,0.01536
486,38938,38935,38967,38968,389.384,-210.616,exercise,592,334,-0.06498,590,366.56,0.01277
487,38998,38994,39029,39031,389.978,-210.022,exercise,594,366,NaN,588.98,365.33,0.0102
488,39057,39054,39089,39095,390.572,-209.428,exercise,594,408,0.10185,588.15,364.72,0.01021
489,39117,39113,39145,39150,391.168,-208.832,exercise,596,364,0.00194,587.37,363.67,0.00861
490,39176,39173,39207,39212,391.764,-208.236,exercise,596,394,NaN,586.68,362.4,0.01029
491,39236,39233,39264,39266,392.362,-207.638,exercise,598,336,-0.0888,585.95,361.26,-0.0015
492,39295,39292,39323,39327,392.952,-207.048,exercise,590,346,NaN,585.07,360.76,-0.01005
493,39354,39351,39382,39386,393.542,-206.458,exercise,590,348,-0.03123,583.95,360.79,-0.00915
494,39413,39410,39441,39451,394.134,-205.866,exercise,592,NaN,-0.05829,582.93,359.19,-0.01851
495,39472,39469,39500,39501,394.72,-205.28,exercise,586,NaN,-0.12501,581.95,359.38,-0.01263
496,39530,39527,39557,39562,395.304,-204.696,exercise,584,348,-0.13482,581.07,360.06,-0.01786
497,39589,39585,39615,39619,395.886,-204.114,exercise,582,332,NaN,580.2,360.39,-0.01929
498,39648,39644,39674,39677,396.478,-203.522,exercise,592,330,NaN,579.12,360.93,-0.01846
499,39706,39703,39732,39744,397.062,-202.938,exercise,584,NaN,-0.13351,578.05,360.9,-0.02301
500,39765,39762,39788,39794,397.65,-202.35,exercise,588,NaN,NaN,577.07,359.79,-0.02936
501,39823,39819,39846,39854,398.226,-201.774,exercise,576,346,NaN,576.29,358.21,-0.02912
502,39880,39877,39903,39911,398.8,-201.2,exercise,574,344,NaN,575.46,357.17,-0.04295
503,39938,39934,39961,39971,399.376,-200.624,exercise,576,372,NaN,574.54,357.52,-0.04678
504,39995,39992,40018,40029,399.952,-200.048,exercise,576,368,NaN,573.41,356.83,-0.04678
505,40052,40049,40075,40083,400.522,-199.478,exercise,570,342,NaN,572.39,355.93,-0.04758
506,40109,40106,40132,40138,401.094,-198.906,exercise,572,NaN,NaN,571.27,355.07,-0.04758
507,40166,40162,40188,40197,401.656,-198.344,exercise,562,344,NaN,570.29,355.21,-0.04642
508,40222,40218,40244,40253,402.218,-197.782,exercise,562,346,NaN,569.17,353.71,-0.04642
509,40278,40275,40300,40312,402.78,-197.22,exercise,562,370,NaN,567.9,351.7,-0.05702
510,40335,40331,40366,40363,403.346,-196.654,exercise,566,NaN,0.14781,566.88,352.07,-0.06155
511,40391,40387,40411,40422,403.906,-196.094,exercise,560,344,-0.13128,565.71,350.46,-0.06155
512,40447,40443,40467,40475,404.466,-195.534,exercise,560,NaN,-0.1,564.49,349.62,-0.06011
513,40502,40499,40525,40530,405.018,-194.982,exercise,552,NaN,NaN,563.27,349.31,-0.06011
514,40557,40555,40580,40585,405.572,-194.428,exercise,554,NaN,-0.10953,562.2,349.31,-0.06683
515,40613,40609,40644,40647,406.126,-193.874,exercise,554,374,0.17499,561.07,349.63,-0.05197
516,40668,40665,40691,40696,406.684,-193.316,exercise,558,NaN,-0.08601,560.15,349.63,-0.03983
517,40724,40720,40744,40758,407.238,-192.762,exercise,554,380,NaN,559.17,349.63,-0.03145
518,40779,40776,40802,40807,407.792,-192.208,exercise,554,NaN,NaN,558.2,350.15,-0.03145
519,40834,40832,40857,40862,408.344,-191.656,exercise,552,NaN,NaN,557.07,350.92,-0.02935
520,40890,40886,40913,40924,408.898,-191.102,exercise,554,376,NaN,556.1,350.81,-0.0167
521,40945,40943,40968,40975,409.454,-190.546,exercise,556,322,NaN,554.88,350.81,-0.01569
522,41001,40998,41024,41036,410.01,-189.99,exercise,556,378,-0.12446,554.05,350.81,-0.00421
523,41056,41053,41079,41090,410.564,-189.436,exercise,554,368,NaN,553.22,351.26,0.00157
524,41112,41108,41134,41142,411.116,-188.884,exercise,552,342,NaN,552.29,350.46,0.00514
525,41166,41163,41189,41195,411.662,-188.338,exercise,546,320,NaN,551.37,349.69,0.01157
526,41221,41218,41244,41249,412.214,-187.786,exercise,552,NaN,NaN,550.54,349.69,0.02045
527,41277,41273,41297,41307,412.766,-187.234,exercise,552,338,NaN,549.66,349.56,0.02368
528,41331,41328,41354,41360,413.314,-186.686,exercise,548,324,NaN,548.83,349.33,0.02175
529,41386,41383,41408,41413,413.856,-186.144,exercise,542,NaN,NaN,548.1,349.41,0.02368
530,41441,41438,41465,41475,414.41,-185.59,exercise,554,374,NaN,547.46,348.62,0.02456
531,41496,41493,41520,41523,414.958,-185.042,exercise,548,NaN,NaN,546.78,348.52,0.02542
532,41551,41547,41576,41579,415.506,-184.494,exercise,548,314,-0.07009,546.24,348.81,0.03633
533,41605,41601,41630,41635,416.046,-183.954,exercise,540,338,NaN,545.51,349.57,0.0469
534,41659,41656,41682,41691,416.592,-183.408,exercise,546,348,-0.11858,545.07,349.93,0.05068
535,41714,41710,41743,41746,417.138,-182.862,exercise,546,358,0.13488,544.63,349.67,0.06343
536,41769,41765,41795,41806,417.686,-182.314,exercise,548,NaN,0.03284,544.2,348.83,0.06509
537,41823,41820,41854,41854,418.23,-181.77,exercise,544,348,-0.02592,543.8,347.93,0.07139
538,41877,41873,41903,41908,418.772,-181.228,exercise,542,346,NaN,543.37,347.67,0.07767
539,41932,41928,41958,41969,419.318,-180.682,exercise,546,NaN,-0.00203,542.88,347.94,0.08405
540,41986,41984,42013,42019,419.862,-180.138,exercise,544,348,0.0436,542.29,347.56,0.08661
541,42040,42037,42066,42078,420.4,-179.6,exercise,538,NaN,-0.00162,541.85,346.56,0.09156
542,42094,42091,42122,42125,420.942,-179.058,exercise,542,346,0.16812,541.27,347.94,0.09593
543,42148,42145,42176,42181,421.482,-178.518,exercise,540,356,0.09393,540.68,347.56,0.10647
544,42202,42199,42228,42240,422.02,-177.98,exercise,538,NaN,0.06586,539.9,346.5,0.10422
545,42256,42252,42284,42287,422.558,-177.442,exercise,538,348,0.12739,539.22,346.94,0.10402
546,42309,42306,42338,42340,423.094,-176.906,exercise,536,342,0.18918,538.73,348.13,0.10627
547,42363,42360,42389,42394,423.63,-176.37,exercise,536,346,0.08829,538.15,348.18,0.11132
548,42416,42412,42442,42446,424.158,-175.842,exercise,528,338,-0.01891,537.51,348.5,0.1125
549,42469,42466,42497,42501,424.69,-175.31,exercise,532,348,0.06623,536.93,348.88,0.11641
550,42523,42519,42548,42560,425.226,-174.774,exercise,536,NaN,0.04475,536.34,348.73,0.11573
551,42576,42573,42604,42608,425.764,-174.236,exercise,538,346,0.16837,535.46,347.82,0.11573
552,42630,42627,42659,42662,426.302,-173.698,exercise,538,352,0.13077,534.73,347.76,0.117
553,42683,42680,42715,42717,426.832,-173.168,exercise,530,370,0.15367,534.1,348.65,0.12246
554,42737,42733,42766,42769,427.366,-172.634,exercise,534,360,0.14141,533.61,349.35,0.12703
555,42790,42787,42819,42821,427.902,-172.098,exercise,536,342,0.20915,533.02,349.29,0.13594
556,42844,42841,42870,42881,428.438,-171.562,exercise,536,NaN,0.21645,532.29,349.24,0.13898
557,42898,42895,42924,42927,428.98,-171.02,exercise,542,322,NaN,531.56,349.26,0.14274
558,42952,42948,42981,42986,429.516,-170.484,exercise,536,372,0.22861,530.78,349.66,0.14212
559,43005,43002,43033,43037,430.05,-169.95,exercise,534,356,0.24345,530.24,349.31,0.14494
560,43058,43054,43084,43088,430.578,-169.422,exercise,528,336,0.15303,529.56,348.89,0.14761
561,43111,43109,43139,43143,431.114,-168.886,exercise,536,344,0.22528,528.83,348.61,0.15048
562,43165,43161,43193,43198,431.646,-168.354,exercise,532,366,0.21839,528.2,348.49,0.15511
563,43218,43215,43248,43251,432.178,-167.822,exercise,532,366,0.18113,527.46,348.81,0.15545
564,43270,43267,43296,43300,432.7,-167.3,exercise,522,334,0.03886,526.73,348.22,0.15629
565,43322,43320,43351,43356,433.224,-166.776,exercise,524,356,0.09802,526.15,348,0.15762
566,43375,43372,43403,43407,433.75,-166.25,exercise,526,358,0.17606,525.51,348.42,0.1579
567,43428,43424,43457,43459,434.278,-165.722,exercise,528,350,0.27315,524.83,348.42,0.15638
568,43480,43477,43506,43518,434.804,-165.196,exercise,526,NaN,0.1512,524.15,348.16,0.15769
569,43533,43530,43560,43563,435.328,-164.672,exercise,524,336,0.24953,523.66,348,0.16066
570,43585,43581,43610,43616,435.846,-164.154,exercise,518,344,0.09196,523.02,347.58,0.16226
571,43636,43633,43663,43668,436.364,-163.636,exercise,518,344,NaN,522.49,347.18,0.1676
572,43688,43685,43717,43719,436.882,-163.118,exercise,518,346,0.16258,521.85,347.08,0.16717
573,43740,43737,43766,43772,437.404,-162.596,exercise,522,344,0.13185,521.07,347.28,0.1706
574,43792,43789,43820,43825,437.924,-162.076,exercise,520,362,0.2961,520.54,346.87,0.17311
575,43845,43841,43871,43876,438.446,-161.554,exercise,522,346,0.22015,519.85,346.1,0.1746
576,43896,43894,43924,43929,438.962,-161.038,exercise,516,356,0.25032,519.07,346.26,0.17445
577,43948,43945,43974,43980,439.48,-160.52,exercise,518,350,0.17562,518.39,346.4,0.1748
578,43999,43996,44031,44032,439.992,-160.008,exercise,512,362,-0.04925,517.66,346.2,0.17756
579,44051,44048,44078,44081,440.512,-159.488,exercise,520,334,0.2521,516.93,344.9,0.18029
580,44103,44100,44129,44133,441.03,-158.97,exercise,518,334,0.10184,516.24,344.6,0.17867
581,44154,44151,44180,44185,441.544,-158.456,exercise,514,338,0.15589,515.66,344.85,0.17756
582,44206,44203,44234,44238,442.056,-157.944,exercise,512,344,0.17864,514.93,344.85,0.17814
583,44257,44254,44284,44289,442.568,-157.432,exercise,512,358,0.18141,514.29,343.6,0.17903
584,44308,44304,44333,44338,443.078,-156.922,exercise,510,334,0.12679,513.76,342.85,0.18333
585,44359,44356,44385,44390,443.592,-156.408,exercise,514,340,0.11778,513.41,342.2,0.18713
586,44410,44406,44438,44443,444.104,-155.896,exercise,512,364,0.13816,512.93,341.95,0.19369
587,44461,44458,44487,44492,444.612,-155.388,exercise,508,342,0.13015,512.39,341.7,0.19527
588,44512,44509,44539,44542,445.12,-154.88,exercise,508,336,0.13919,511.9,341.15,0.1953
589,44563,44560,44587,44593,445.628,-154.372,exercise,508,332,0.09681,511.46,340.68,0.19953
590,44613,44611,44639,44644,446.134,-153.866,exercise,506,332,0.12892,511.02,340.49,0.19672
591,44665,44661,44692,44695,446.648,-153.352,exercise,514,332,0.25283,510.73,339.9,0.19852
592,44716,44712,44743,44746,447.16,-152.84,exercise,512,342,0.15163,510.34,339.02,0.19672
593,44767,44763,44792,44799,447.666,-152.334,exercise,506,360,0.26459,510,338.83,0.19464
594,44817,44814,44845,44850,448.174,-151.826,exercise,508,354,0.25139,509.71,338.15,0.19568
595,44868,44865,44894,44898,448.68,-151.32,exercise,506,330,0.19961,509.37,337.9,0.19135
596,44918,44915,44945,44950,449.184,-150.816,exercise,504,348,0.2035,508.93,337.71,0.18903
597,44969,44966,44996,45001,449.692,-150.308,exercise,508,352,0.23011,508.59,336.73,0.18742
598,45020,45018,45047,45049,450.204,-149.796,exercise,512,314,0.28508,508.2,335.8,0.188
599,45071,45068,45097,45100,450.71,-149.29,exercise,506,320,0.3376,508,334.63,0.19649
600,45122,45118,45147,45153,451.216,-148.784,exercise,506,344,NaN,507.51,334.44,0.19236
601,45172,45169,45198,45203,451.72,-148.28,exercise,504,346,0.10992,506.98,334.39,0.19474
602,45223,45219,45251,45254,452.226,-147.774,exercise,506,344,0.24786,506.59,333.95,0.19545
603,45273,45270,45299,45301,452.732,-147.268,exercise,506,316,0.25308,506.29,333.32,0.19596
604,45324,45321,45350,45355,453.242,-146.758,exercise,510,336,0.34894,506.05,332.54,0.1987
605,45375,45373,45400,45403,453.75,-146.25,exercise,508,308,NaN,505.76,331.66,0.20408
606,45425,45422,45452,45457,454.254,-145.746,exercise,504,346,0.34701,505.27,331.22,0.20973
607,45476,45472,45502,45507,454.758,-145.242,exercise,504,348,0.23618,504.88,330.63,0.21275
608,45527,45524,45551,45557,455.266,-144.734,exercise,508,328,0.27416,503.8,330.44,0.21618
609,45577,45575,45602,45607,455.774,-144.226,exercise,508,322,0.31202,504.24,329.66,0.21826
610,45628,45625,45653,45657,456.28,-143.72,exercise,506,328,0.14272,504.1,329.95,0.22358
611,45679,45675,45704,45707,456.786,-143.214,exercise,506,320,0.16058,504,329.85,0.2215
612,45729,45725,45753,45756,457.288,-142.712,exercise,502,308,0.1283,503.41,329.76,0.21982
613,45779,45776,45806,45810,457.792,-142.208,exercise,504,338,0.08131,503.02,329.41,0.21825
614,45830,45827,45855,45858,458.302,-141.698,exercise,510,316,0.17251,502.63,328.68,0.21696
615,45881,45878,45908,45913,458.808,-141.192,exercise,506,352,0.12719,502.44,327.76,0.21701
616,45931,45928,45958,45962,459.312,-140.688,exercise,504,338,0.12969,502.34,327.02,0.21844
617,45981,45978,46007,46009,459.814,-140.186,exercise,502,316,NaN,502.2,325.85,0.21823
618,46032,46028,46056,46059,460.316,-139.684,exercise,502,312,0.19771,502,325.02,0.21949
619,46082,46079,46106,46110,460.82,-139.18,exercise,504,314,0.27347,501.61,325.27,0.21981
620,46132,46129,46158,46161,461.32,-138.68,exercise,500,326,0.09513,501.41,325.46,0.21891
621,46182,46179,46207,46212,461.816,-138.184,exercise,496,332,0.19216,501.22,325.41,0.21871
622,46231,46229,46255,46261,462.314,-137.686,exercise,498,320,0.1831,501.12,324.98,0.22422
623,46281,46278,46306,46310,462.814,-137.186,exercise,500,318,0.19779,500.98,324.49,0.22559
624,46332,46328,46357,46361,463.316,-136.684,exercise,502,326,0.28548,500.73,324.05,0.22186
625,46381,46378,46406,46408,463.814,-136.186,exercise,498,298,0.33138,500.44,323.66,0.22064
626,46431,46428,46455,46460,464.308,-135.692,exercise,494,322,0.33262,500.05,324.2,0.22096
627,46480,46477,46506,46511,464.804,-135.196,exercise,496,340,0.25265,499.76,323.37,0.21853
628,46527,46523,46552,46557,465.268,-134.732,exercise,464,334,0.26059,499.56,322.63,0.21804
629,46579,46576,46605,46607,465.794,-134.206,exercise,526,304,NaN,499.22,322.2,0.21671
630,46630,46626,46656,46661,466.296,-133.704,exercise,502,344,0.29358,498.83,322.63,0.21591
631,46680,46676,46705,46709,466.798,-133.202,exercise,502,328,0.05194,498.49,322.24,0.22188
632,46729,46725,46754,46758,467.288,-132.712,exercise,490,328,0.19067,498.1,322.54,0.22333
633,46778,46775,46804,46808,467.784,-132.216,exercise,496,328,0.09352,497.8,323.17,0.22471
634,46827,46824,46853,46857,468.274,-131.726,exercise,490,330,NaN,497.46,322.98,0.22535
635,46877,46874,46903,46906,468.774,-131.226,exercise,500,316,0.25305,497.07,322.83,0.22723
636,46928,46924,46952,46954,469.276,-130.724,exercise,502,300,0.25106,496.73,322.34,0.23058
637,46977,46974,47001,47004,469.774,-130.226,exercise,498,300,0.19601,496.34,322.39,0.2337
638,47027,47025,47053,47057,470.274,-129.726,exercise,500,318,0.27542,495.95,322.29,0.23422
639,47077,47074,47104,47106,470.77,-129.23,exercise,496,324,0.29671,495.07,322.63,0.23724
640,47127,47124,47153,47157,471.268,-128.732,exercise,498,328,0.30543,495.17,322.88,0.23828
641,47177,47173,47202,47208,471.766,-128.234,exercise,498,342,0.21117,494.98,323.07,0.24541
642,47227,47223,47251,47256,472.266,-127.734,exercise,500,328,0.31399,494.78,322.54,0.24533
643,47277,47273,47302,47306,472.766,-127.234,exercise,500,324,0.29838,494.44,322.88,0.24626
644,47326,47323,47350,47353,473.262,-126.738,exercise,496,298,0.11514,494.05,323.12,0.24568
645,47376,47373,47400,47405,473.76,-126.24,exercise,498,320,0.30386,493.61,323.46,0.24149
646,47425,47422,47451,47455,474.252,-125.748,exercise,492,330,0.23299,493.41,323.61,0.23909
647,47474,47471,47498,47502,474.744,-125.256,exercise,492,312,0.25431,493.32,324,0.23661
648,47524,47521,47548,47553,475.24,-124.76,exercise,496,318,0.21781,493.17,322.98,0.23314
649,47573,47570,47598,47601,475.734,-124.266,exercise,494,310,0.22367,493.66,322.1,0.23306
650,47623,47619,47648,47653,476.226,-123.774,exercise,492,340,0.28163,492.68,322.68,0.2327
651,47672,47669,47697,47700,476.718,-123.282,exercise,492,312,0.36946,492.34,322.59,0.2299
652,47721,47718,47748,47751,477.208,-122.792,exercise,490,332,0.21569,492.15,322.2,0.23796
653,47770,47767,47794,47800,477.698,-122.302,exercise,490,334,0.18088,492.15,322,0.24068
654,47819,47816,47845,47849,478.188,-121.812,exercise,490,330,0.10528,491.95,322.05,0.24769
655,47868,47865,47893,47896,478.682,-121.318,exercise,494,310,0.24431,491.95,321.71,0.24917
656,47917,47914,47942,47947,479.174,-120.826,exercise,492,332,0.25434,491.61,321.51,0.24847
657,47966,47963,47992,47997,479.662,-120.338,exercise,488,340,0.24823,491.37,321.61,0.24949
658,48015,48011,48039,48043,480.148,-119.852,exercise,486,312,0.25389,491.22,322.05,0.24945
659,48061,48058,48086,48091,480.614,-119.386,exercise,466,326,0.31545,490.98,321.9,0.25056
660,48112,48109,48136,48141,481.122,-118.878,exercise,508,324,0.31399,490.73,321.9,0.25229
661,48161,48158,48187,48191,481.614,-118.386,exercise,492,334,0.37316,490.39,321.61,0.24791
662,48210,48207,48233,48238,482.102,-117.898,exercise,488,310,0.18919,490.15,321.12,0.24907
663,48259,48255,48284,48289,482.586,-117.414,exercise,484,334,0.2194,489.85,321.22,0.24728
664,48307,48304,48331,48336,483.07,-116.93,exercise,484,328,0.1751,489.56,321.37,0.2455
665,48355,48352,48380,48386,483.554,-116.446,exercise,484,340,0.12197,489.37,322,0.25134
666,48404,48401,48429,48432,484.044,-115.956,exercise,490,304,0.23806,489.07,321.66,0.25052
667,48453,48450,48478,48484,484.534,-115.466,exercise,490,338,0.23586,488.88,320.73,0.25003
668,48502,48499,48526,48529,485.024,-114.976,exercise,490,298,0.11713,488.68,320.39,0.24875
669,48551,48547,48575,48577,485.508,-114.492,exercise,484,298,0.25777,487.8,320.05,0.24769
670,48599,48596,48625,48629,485.994,-114.006,exercise,486,328,0.21832,488.1,319.95,0.2512
671,48648,48645,48675,48679,486.482,-113.518,exercise,488,340,0.18165,487.95,319.17,0.25165
672,48698,48695,48723,48726,486.976,-113.024,exercise,494,312,0.37429,487.71,319.32,0.24903
673,48747,48743,48770,48775,487.466,-112.534,exercise,490,320,0.29952,487.51,319.17,0.25032
674,48795,48792,48819,48825,487.954,-112.046,exercise,488,330,0.37417,487.32,318.39,0.25126
675,48844,48841,48870,48873,488.444,-111.556,exercise,490,316,0.30835,487.17,318.49,0.25423
676,48893,48890,48919,48920,488.93,-111.07,exercise,486,308,0.22412,486.98,318.1,0.25459
677,48942,48939,48966,48969,489.422,-110.578,exercise,492,304,0.29316,486.78,318.1,0.25477
678,48991,48988,49017,49020,489.914,-110.086,exercise,492,318,0.1943,486.63,318,0.25473
679,49040,49037,49064,49069,490.404,-109.596,exercise,490,312,0.32093,486.49,318.44,0.25614
680,49089,49086,49113,49118,490.89,-109.11,exercise,486,324,0.36763,486.78,318.24,0.25091
681,49137,49134,49163,49166,491.374,-108.626,exercise,484,316,0.12576,486.05,317.51,0.24669
682,49186,49183,49209,49215,491.862,-108.138,exercise,488,322,0.25872,485.85,316.34,0.24374
683,49235,49232,49261,49265,492.35,-107.65,exercise,488,332,0.24067,485.76,316.2,0.24719
684,49284,49280,49310,49313,492.838,-107.162,exercise,488,330,0.22522,485.71,315.8,0.24963
685,49333,49329,49357,49362,493.326,-106.674,exercise,488,324,0.35485,485.56,315.41,0.24992
686,49381,49378,49405,49408,493.812,-106.188,exercise,486,306,0.2699,485.46,314.73,0.25376
687,49430,49427,49453,49456,494.296,-105.704,exercise,484,292,0.21307,485.27,314.63,0.25487
688,49478,49475,49502,49504,494.78,-105.22,exercise,484,298,0.20191,485.12,314.05,0.25429
689,49524,49521,49548,49551,495.24,-104.76,exercise,460,304,0.17424,484.88,314,0.25727
690,49575,49571,49600,49602,495.746,-104.254,exercise,506,306,0.36741,484.68,314.49,0.25609
691,49623,49620,49648,49651,496.232,-103.768,exercise,486,308,0.30024,484.44,314.24,0.25571
692,49671,49668,49696,49700,496.714,-103.286,exercise,482,318,0.26228,484.1,313.41,0.26012
693,49720,49716,49744,49749,497.196,-102.804,exercise,482,326,0.26838,483.76,313.07,0.25346
694,49768,49764,49792,49795,497.678,-102.322,exercise,482,302,0.21944,483.46,312.49,0.2523
695,49816,49813,49840,49846,498.162,-101.838,exercise,484,334,0.22697,483.12,312.39,0.25056
696,49865,49861,49888,49891,498.648,-101.352,exercise,486,294,0.25918,482.63,312.24,0.24908
697,49913,49910,49937,49943,499.132,-100.868,exercise,484,332,0.2617,482.29,312.83,0.25029
698,49961,49958,49984,49992,499.614,-100.386,exercise,482,336,0.24638,481.95,312.93,0.24977
699,50009,50006,50035,50039,500.094,-99.906,exercise,480,330,0.31182,481.51,313.12,0.24954
700,50057,50055,50081,50087,500.572,-99.428,exercise,478,318,0.10093,480.98,312.93,0.24386
701,50105,50102,50128,50131,501.05,-98.95,exercise,478,294,0.14119,480.59,313.02,0.2406
702,50153,50151,50177,50180,501.534,-98.466,exercise,484,286,0.25218,480.39,312.73,0.24437
703,50202,50199,50225,50229,502.018,-97.982,exercise,484,304,0.33068,480,311.95,0.24398
704,50250,50247,50275,50279,502.5,-97.5,exercise,482,318,0.3194,479.66,311.71,0.24881
705,50298,50295,50323,50327,502.978,-97.022,exercise,478,312,0.18686,479.12,311.46,0.25105
706,50346,50343,50369,50374,503.458,-96.542,exercise,480,312,0.27964,478.63,311.12,0.2478
707,50394,50391,50417,50421,503.94,-96.06,exercise,482,300,0.2833,478.29,310.59,0.25092
708,50442,50439,50466,50471,504.424,-95.576,exercise,484,314,0.21228,477.95,311.46,0.25311
709,50490,50487,50514,50517,504.904,-95.096,exercise,480,296,0.23921,477.56,311.46,0.25707
710,50538,50535,50563,50567,505.38,-94.62,exercise,476,318,0.20938,477.66,312.44,0.25506
711,50586,50583,50610,50614,505.856,-94.144,exercise,476,318,0.20272,476.59,312.05,0.25096
712,50633,50630,50657,50661,506.33,-93.67,exercise,474,306,0.36235,476.05,312.15,0.25299
713,50681,50678,50705,50707,506.81,-93.19,exercise,480,298,0.10122,475.66,312.49,0.25441
714,50729,50725,50752,50755,507.288,-92.712,exercise,478,296,NaN,474.63,312.2,0.25381
715,50776,50773,50802,50806,507.762,-92.238,exercise,474,326,0.30454,474.59,312.73,0.25571
716,50823,50819,50847,50850,508.232,-91.768,exercise,470,310,NaN,473.95,311.71,0.2603
717,50870,50866,50896,50899,508.704,-91.296,exercise,472,332,0.27139,473.22,312.15,0.262
718,50918,50915,50942,50946,509.182,-90.818,exercise,478,308,0.27291,472.73,311.27,0.26599
719,50966,50962,50989,50995,509.656,-90.344,exercise,474,326,0.18523,472.15,310.68,0.2681
720,51012,51010,51036,51040,510.124,-89.876,exercise,468,304,0.09931,471.66,310,0.26688
721,51059,51056,51083,51089,510.594,-89.406,exercise,470,328,NaN,471.07,309.32,0.27345
722,51107,51105,51131,51135,511.07,-88.93,exercise,476,304,0.26885,470.54,309.51,0.28098
723,51154,51152,51179,51181,511.542,-88.458,exercise,472,290,NaN,469.8,310.24,0.27981
724,51202,51199,51226,51231,512.016,-87.984,exercise,474,322,0.41949,469.22,310.15,0.28201
725,51248,51245,51271,51277,512.482,-87.518,exercise,466,320,0.30783,468.63,309.8,0.28485
726,51295,51293,51318,51324,512.95,-87.05,exercise,468,310,0.23476,468.05,310.1,0.28765
727,51342,51339,51364,51367,513.422,-86.578,exercise,472,284,0.38522,467.37,310.05,0.28712
728,51389,51386,51411,51419,513.892,-86.108,exercise,470,328,0.29436,466.68,310.2,0.28913
729,51436,51433,51460,51463,514.36,-85.64,exercise,468,298,0.3483,466,310.2,0.29271
730,51482,51479,51506,51514,514.824,-85.176,exercise,464,344,0.09981,465.37,310.88,0.29128
731,51529,51525,51550,51554,515.286,-84.714,exercise,462,290,0.21566,464.88,310.29,0.29368
732,51575,51572,51600,51603,515.75,-84.25,exercise,464,312,0.37548,464.29,310.15,0.29514
733,51622,51618,51647,51652,516.216,-83.784,exercise,466,332,0.31484,463.71,309.66,0.29016
734,51666,51662,51691,51694,516.656,-83.344,exercise,440,314,0.24609,463.07,309.66,0.29018
735,51714,51710,51738,51743,517.136,-82.864,exercise,480,324,0.28974,462.59,310.44,0.28851
736,51759,51756,51782,51785,517.594,-82.406,exercise,458,292,0.39672,462.15,310.2,0.28475
737,51805,51802,51828,51834,518.05,-81.95,exercise,456,312,0.32222,461.76,309.41,0.28729
738,51851,51848,51874,51878,518.514,-81.486,exercise,464,296,0.40944,461.27,309.46,0.29009
739,51897,51894,51921,51925,518.972,-81.028,exercise,458,312,0.32427,460.59,309.17,0.29115
740,51943,51940,51966,51970,519.432,-80.568,exercise,460,302,NaN,460.15,308.39,0.29418
741,51989,51985,52012,52014,519.886,-80.114,exercise,454,290,0.33737,459.85,309.02,0.29991
742,52034,52031,52058,52061,520.342,-79.658,exercise,456,302,0.41205,459.46,308.15,0.29607
743,52080,52076,52105,52108,520.796,-79.204,exercise,454,316,0.21026,458.83,307.61,0.29822
744,52126,52122,52149,52152,521.256,-78.744,exercise,460,300,0.41003,458.34,308.15,0.29928
745,52171,52168,52197,52198,521.714,-78.286,exercise,458,304,0.42147,457.8,308.05,0.29659
746,52217,52213,52241,52246,522.168,-77.832,exercise,454,324,NaN,457.51,307.46,0.29627
747,52262,52259,52285,52290,522.62,-77.38,exercise,452,310,0.26107,457.17,307.02,0.29842
748,52307,52305,52333,52335,523.074,-76.926,exercise,454,306,0.35355,456.73,307.51,0.29499
749,52353,52350,52376,52381,523.53,-76.47,exercise,456,314,0.33769,456.29,307.27,0.29554
750,52398,52395,52424,52427,523.984,-76.016,exercise,454,324,0.189,455.85,307.22,0.29079
751,52444,52441,52466,52470,524.44,-75.56,exercise,456,294,NaN,455.61,306.54,0.29454
752,52489,52486,52511,52517,524.892,-75.108,exercise,452,312,0.25238,455.41,307.61,0.29346
753,52534,52531,52558,52560,525.342,-74.658,exercise,450,286,0.19275,455.22,307.61,0.29225
754,52580,52577,52601,52607,525.796,-74.204,exercise,454,298,0.10212,454.78,307.22,0.28741
755,52625,52621,52648,52654,526.254,-73.746,exercise,458,328,0.23156,455.12,307.27,0.28537
756,52671,52668,52695,52699,526.71,-73.29,exercise,456,316,0.17317,454.49,306.54,0.28126
757,52716,52713,52739,52741,527.164,-72.836,exercise,454,278,0.37594,454.49,307.02,0.27509
758,52762,52759,52785,52792,527.616,-72.384,exercise,452,334,0.37244,454.49,306.68,0.27282
759,52807,52804,52830,52833,528.066,-71.934,exercise,450,296,0.311,454.29,306.34,0.2674
760,52852,52849,52874,52878,528.522,-71.478,exercise,456,294,NaN,454.1,305.85,0.26615
761,52898,52895,52921,52928,528.978,-71.022,exercise,456,330,NaN,453.95,306.2,0.27158
762,52943,52940,52965,52969,529.432,-70.568,exercise,454,292,0.16557,454.05,306.29,0.2723
763,52988,52985,53009,53013,529.882,-70.118,exercise,450,282,0.34416,454.1,306.44,0.27011
764,53033,53030,53057,53062,530.334,-69.666,exercise,452,312,0.33608,454.15,306.39,0.2757
765,53079,53075,53104,53107,530.786,-69.214,exercise,452,318,0.32294,453.95,306.34,0.27187
766,53124,53121,53147,53151,531.24,-68.76,exercise,454,296,NaN,453.85,305.95,0.26886
767,53169,53166,53194,53195,531.694,-68.306,exercise,454,292,0.3098,453.85,306.15,0.26477
768,53215,53211,53239,53242,532.148,-67.852,exercise,454,304,0.26533,453.9,305.37,0.26945
769,53260,53257,53285,53288,532.6,-67.4,exercise,452,318,0.3135,453.95,305.61,0.26973
770,53305,53302,53329,53332,533.05,-66.95,exercise,450,296,0.18199,453.85,305.61,0.27284
771,53350,53347,53382,53379,533.504,-66.496,exercise,454,316,0.2311,453.71,305.76,0.27933
772,53396,53392,53419,53425,533.958,-66.042,exercise,454,334,0.17797,453.61,306.63,0.2776
773,53441,53437,53466,53468,534.414,-65.586,exercise,456,312,0.33303,453.56,305.9,0.27754
774,53486,53483,53508,53515,534.862,-65.138,exercise,448,316,0.14558,453.51,306.88,0.28263
775,53532,53529,53552,53560,535.316,-64.684,exercise,454,316,0.17458,453.32,307.22,0.28765
776,53577,53574,53598,53603,535.77,-64.23,exercise,454,294,0.1461,452.98,306.98,0.28925
777,53623,53619,53646,53651,536.228,-63.772,exercise,458,312,0.18067,452.78,306.15,0.29505
778,53668,53665,53691,53695,536.684,-63.316,exercise,456,298,0.24257,452.68,306.93,0.28999
779,53714,53711,53736,53739,537.14,-62.86,exercise,456,282,0.21998,452.78,305.61,0.28543
780,53759,53756,53782,53785,537.59,-62.41,exercise,450,292,0.2803,452.83,305.32,0.27999
781,53804,53802,53828,53833,538.044,-61.956,exercise,454,316,0.46192,452.68,306.05,0.27958
782,53850,53848,53873,53877,538.502,-61.498,exercise,458,294,0.36322,452.49,305.32,0.28022
783,53896,53893,53918,53924,538.96,-61.04,exercise,458,308,0.33294,452.34,306.1,0.27962
784,53942,53938,53964,53969,539.416,-60.584,exercise,456,314,0.41184,452.44,306.39,0.28036
785,53987,53984,54009,54013,539.868,-60.132,exercise,452,298,NaN,452.44,306.78,0.28047
786,54032,54029,54054,54058,540.322,-59.678,exercise,454,288,0.31635,452.39,306.49,0.27929
787,54078,54074,54100,54108,540.776,-59.224,exercise,454,332,0.12161,452.24,305.9,0.27944
788,54123,54120,54144,54147,541.23,-58.77,exercise,454,278,0.42948,452.05,306.2,0.28196
789,54169,54165,54191,54197,541.686,-58.314,exercise,456,316,0.3636,451.85,306.29,0.28106
790,54214,54210,54237,54242,542.138,-57.862,exercise,452,314,0.44962,451.76,305.76,0.28068
791,54259,54255,54282,54288,542.586,-57.414,exercise,448,330,0.42255,451.71,306.68,0.28306
792,54304,54301,54327,54334,543.038,-56.962,exercise,452,330,0.2153,451.41,305.95,0.28753
793,54349,54346,54372,54374,543.488,-56.512,exercise,450,282,0.25036,451.07,305.37,0.2907
794,54394,54390,54417,54423,543.936,-56.064,exercise,448,326,0.38106,450.73,304.73,0.29034
795,54438,54435,54461,54466,544.382,-55.618,exercise,446,312,NaN,450.63,304.73,0.298
796,54483,54479,54506,54511,544.826,-55.174,exercise,444,318,NaN,450.39,304.68,0.3055
797,54527,54524,54549,54552,545.274,-54.726,exercise,448,282,0.37631,450.15,304.68,0.31112
798,54572,54569,54595,54600,545.724,-54.276,exercise,450,310,0.19883,449.76,304.63,0.31414
799,54618,54615,54639,54643,546.18,-53.82,exercise,456,280,0.21294,449.32,304.29,0.31612
800,54663,54660,54686,54688,546.632,-53.368,exercise,452,284,0.12061,448.93,304.63,0.31751
801,54708,54704,54733,54737,547.082,-52.918,exercise,450,324,0.26507,448.68,304.95,0.31857
802,54753,54750,54776,54780,547.53,-52.47,exercise,448,300,0.30334,448.39,304.5,0.31436
803,54798,54795,54820,54827,547.978,-52.022,exercise,448,324,0.14343,447.9,304.4,0.31445
804,54843,54840,54866,54869,548.432,-51.568,exercise,454,294,0.37134,447.46,303.9,0.31744
805,54888,54885,54913,54918,548.884,-51.116,exercise,452,328,0.34029,446.98,304.05,0.31355
806,54933,54930,54955,54961,549.334,-50.666,exercise,450,306,NaN,446.59,303.95,0.31355
807,54978,54975,55001,55002,549.782,-50.218,exercise,448,272,0.28483,446.29,303.65,0.31589
808,55023,55019,55046,55050,550.228,-49.772,exercise,446,304,0.40305,446.05,302.9,0.31911
809,55067,55064,55090,55095,550.674,-49.326,exercise,446,308,0.23204,445.71,302.9,0.31004
810,55112,55109,55134,55139,551.122,-48.878,exercise,448,296,0.29934,445.22,302.45,0.30507
811,55157,55154,55179,55187,551.57,-48.43,exercise,448,334,0.27019,444.88,302.05,0.30069
812,55201,55198,55222,55227,552.012,-47.988,exercise,442,286,0.39637,444.78,300.7,0.29727
813,55245,55242,55268,55273,552.452,-47.548,exercise,440,310,0.2953,444.54,300.3,0.29964
814,55289,55286,55311,55315,552.894,-47.106,exercise,442,286,0.31974,444.24,300.9,0.30295
815,55334,55331,55356,55362,553.338,-46.662,exercise,444,316,0.42904,443.9,299.55,0.30478
816,55378,55376,55403,55407,553.782,-46.218,exercise,444,314,0.4519,443.71,299.25,0.30278
817,55423,55419,55445,55449,554.226,-45.774,exercise,444,294,0.3542,443.61,298.65,0.30746
818,55467,55463,55491,55494,554.668,-45.332,exercise,442,310,0.2922,443.41,299.25,0.30881
819,55511,55507,55533,55536,555.106,-44.894,exercise,438,284,NaN,443.22,298.85,0.30981
820,55555,55551,55576,55581,555.546,-44.454,exercise,440,296,0.26985,442.73,299.2,0.31742
821,55598,55596,55624,55636,555.984,-44.016,exercise,440,NaN,NaN,442.34,299.8,0.32321
822,55643,55639,55665,55669,556.426,-43.574,exercise,442,298,NaN,442.05,298.9,0.32811
823,55686,55684,55709,55713,556.864,-43.136,exercise,438,290,0.36643,441.85,298.45,0.32721
824,55730,55727,55753,55756,557.304,-42.696,exercise,440,288,0.43444,441.61,297.05,0.33278
825,55774,55771,55796,55803,557.74,-42.26,exercise,436,320,0.27974,441.17,297.6,0.33308
826,55818,55815,55840,55844,558.176,-41.824,exercise,436,294,NaN,440.78,296.6,0.33286
827,55862,55859,55883,55886,558.618,-41.382,exercise,442,276,0.39595,440.44,296.36,0.33286
828,55906,55903,55930,55933,559.062,-40.938,exercise,444,302,0.23115,440.2,297.64,0.33177
829,55950,55947,55972,55975,559.502,-40.498,exercise,440,278,0.12084,440,296.87,0.32947
830,55994,55991,56018,56021,559.938,-40.062,exercise,436,298,0.1947,439.71,296.05,0.32936
831,56038,56034,56060,56064,560.376,-39.624,exercise,438,298,NaN,439.27,296.41,0.3317
832,56082,56079,56104,56107,560.82,-39.18,exercise,444,276,0.30987,438.88,295.03,0.33345
833,56126,56123,56148,56155,561.262,-38.738,exercise,442,314,0.29329,438.83,295.28,0.32622
834,56170,56167,56195,56197,561.7,-38.3,exercise,438,306,0.35961,438.68,294.51,0.3315
835,56213,56210,56235,56238,562.134,-37.866,exercise,434,272,0.44162,438.54,294.56,0.33189
836,56257,56254,56280,56284,562.572,-37.428,exercise,438,300,0.23669,438.24,293.44,0.32854
837,56301,56298,56324,56327,563.012,-36.988,exercise,440,294,0.46662,437.9,292.67,0.32028
838,56345,56342,56367,56373,563.452,-36.548,exercise,440,306,0.42336,437.61,293.18,0.31658
839,56389,56385,56411,56415,563.894,-36.106,exercise,442,294,0.23396,437.46,293.08,0.3171
840,56433,56429,56455,56458,564.33,-35.67,exercise,436,294,0.47936,437.41,293.13,0.31795
841,56477,56474,56498,56504,564.766,-35.234,exercise,436,308,NaN,437.22,293.08,0.31961
842,56520,56517,56542,56546,565.204,-34.796,exercise,438,288,0.43151,436.98,293,0.31961
843,56564,56561,56585,56589,565.644,-34.356,exercise,440,282,0.27286,436.68,293,0.31961
844,56608,56606,56629,56633,566.082,-33.918,exercise,438,268,NaN,436.54,293.1,0.32065
845,56652,56648,56675,56680,566.518,-33.482,exercise,436,316,0.38145,436.34,293.4,0.3186
846,56695,56693,56718,56721,566.954,-33.046,exercise,436,288,NaN,436.24,292.95,0.31766
847,56739,56736,56761,56777,567.39,-32.61,exercise,436,NaN,NaN,436.05,292.5,0.31881
848,56783,56780,56806,56812,567.828,-32.172,exercise,438,322,0.24983,435.71,293.05,0.32145
849,56827,56823,56846,56850,568.266,-31.734,exercise,438,274,NaN,435.51,292.85,0.32456
850,56870,56867,56892,56894,568.7,-31.3,exercise,434,276,0.22863,435.27,293.65,0.3327
851,56913,56910,56936,56941,569.13,-30.87,exercise,430,310,0.37184,435.17,292.9,0.33811
852,56956,56953,56978,56981,569.562,-30.438,exercise,432,280,0.32456,434.93,292.75,0.33811
853,57000,56996,57022,57026,570.002,-29.998,exercise,440,296,0.17228,434.54,293.65,0.34153
854,57044,57041,57065,57069,570.436,-29.564,exercise,434,280,0.45894,434.2,293.13,0.34326
855,57087,57084,57110,57113,570.872,-29.128,exercise,436,288,NaN,434.05,292.51,0.34589
856,57130,57127,57153,57154,571.304,-28.696,exercise,432,272,NaN,434,293.74,0.34237
857,57173,57170,57196,57199,571.734,-28.266,exercise,430,284,0.21234,433.76,293.74,0.34628
858,57217,57213,57242,57245,572.166,-27.834,exercise,432,314,0.24698,433.37,293.49,0.34165
859,57260,57257,57283,57288,572.602,-27.398,exercise,436,306,0.30706,433.07,293.13,0.34312
860,57304,57301,57326,57329,573.038,-26.962,exercise,436,286,0.34286,431.27,292.56,0.34931
861,57347,57343,57369,57372,573.47,-26.53,exercise,432,294,NaN,432.59,292.15,0.34888
862,57390,57387,57412,57416,573.9,-26.1,exercise,430,290,NaN,432.54,291.69,0.34888
863,57433,57430,57456,57459,574.33,-25.67,exercise,430,298,NaN,432.44,291.79,0.34558
864,57476,57472,57498,57502,574.762,-25.238,exercise,432,294,0.3965,432.15,292.21,0.34422
865,57519,57515,57540,57545,575.194,-24.806,exercise,432,300,0.37502,432,292.53,0.34422
866,57563,57559,57585,57589,575.626,-24.374,exercise,432,302,0.25258,431.85,292.16,0.33714
867,57605,57602,57627,57630,576.054,-23.946,exercise,428,276,0.35216,431.71,292.05,0.32946
868,57648,57645,57670,57675,576.482,-23.518,exercise,428,298,0.47504,431.61,292.31,0.3255
869,57692,57689,57714,57718,576.918,-23.082,exercise,436,294,NaN,431.32,291.74,0.32841
870,57735,57732,57757,57763,577.348,-22.652,exercise,430,310,0.35678,430.98,291.95,0.32841
871,57778,57775,57800,57801,577.78,-22.22,exercise,432,268,0.35143,430.83,292.56,0.3261
872,57821,57817,57843,57846,578.208,-21.792,exercise,428,292,NaN,430.83,292.36,0.32427
873,57864,57860,57885,57891,578.636,-21.364,exercise,428,312,0.40928,430.73,292.36,0.32874
874,57906,57904,57928,57928,579.064,-20.936,exercise,428,NaN,NaN,430.34,292.21,0.33271
875,57950,57946,57971,57974,579.496,-20.504,exercise,432,282,0.4334,430.15,291.9,0.32745
876,57993,57990,58014,58022,579.928,-20.072,exercise,432,320,0.34295,429.95,291.9,0.32745
877,58036,58032,58058,58062,580.356,-19.644,exercise,428,300,NaN,429.85,292.05,0.32745
878,58078,58075,58100,58103,580.78,-19.22,exercise,424,284,NaN,429.85,292,0.33266
879,58121,58117,58144,58147,581.208,-18.792,exercise,428,292,0.46149,429.66,291.28,0.34144
880,58158,58155,58180,58182,581.576,-18.424,exercise,368,272,0.39488,429.37,291.54,0.34293
881,58207,58203,58228,58231,582.066,-17.934,exercise,490,278,0.46832,429.17,291.9,0.3381
882,58250,58247,58273,58276,582.5,-17.5,exercise,434,290,NaN,429.07,291.08,0.33806
883,58293,58289,58314,58330,582.926,-17.074,exercise,434,NaN,NaN,428.98,290.72,0.33806
884,58335,58332,58359,58362,583.354,-16.646,exercise,428,298,0.2389,428.83,290.62,0.34017
885,58379,58374,58400,58402,583.786,-16.214,exercise,432,280,NaN,428.59,290.36,0.3342
886,58422,58417,58446,58448,584.216,-15.784,exercise,430,302,0.20437,428.39,290.26,0.3325
887,58465,58461,58487,58489,584.646,-15.354,exercise,430,284,0.13755,428.24,290,0.33598
888,58508,58504,58530,58534,585.078,-14.922,exercise,432,302,0.22253,428.29,290.97,0.32956
889,58550,58547,58572,58577,585.504,-14.496,exercise,426,300,NaN,428.29,290.36,0.3294
890,58593,58589,58613,58617,585.928,-14.072,exercise,424,282,NaN,428.1,290.05,0.32346
891,58636,58632,58657,58662,586.356,-13.644,exercise,428,300,0.16861,427.95,289.44,0.32043
892,58679,58675,58702,58705,586.786,-13.214,exercise,430,302,NaN,427.85,290.21,0.31363
893,58721,58718,58744,58746,587.214,-12.786,exercise,428,280,0.43623,427.85,290.15,0.31363
894,58764,58760,58786,58789,587.638,-12.362,exercise,424,290,0.27151,427.76,289.44,0.30947
895,58806,58803,58826,58830,588.064,-11.936,exercise,426,268,NaN,427.66,289.35,0.31034
896,58849,58845,58873,58874,588.492,-11.508,exercise,428,288,NaN,427.46,289.65,0.29885
897,58892,58889,58914,58917,588.92,-11.08,exercise,428,278,NaN,427.37,288.35,0.29963
898,58935,58930,58956,58959,589.35,-10.65,exercise,430,282,0.33744,427.37,287.45,0.29963
899,58977,58974,59001,59003,589.774,-10.226,exercise,424,286,0.45766,427.41,287.85,0.30167
900,59020,59015,59042,59047,590.198,-9.802,exercise,424,316,NaN,427.37,287.74,0.29502
901,59063,59059,59086,59089,590.626,-9.374,exercise,428,300,0.23177,428.83,288.41,0.28916
902,59105,59102,59127,59129,591.054,-8.946,exercise,428,262,0.33717,427.27,288.97,0.28373
903,59148,59144,59169,59172,591.48,-8.52,exercise,426,276,NaN,427.12,288.62,0.28373
904,59190,59187,59213,59216,591.904,-8.096,exercise,424,294,0.39059,426.98,289.3,0.29002
905,59233,59229,59254,59257,592.326,-7.674,exercise,422,284,0.24742,426.93,288.95,0.29384
906,59275,59271,59296,59301,592.75,-7.25,exercise,424,296,NaN,426.68,288.9,0.29854
907,59318,59315,59339,59344,593.176,-6.824,exercise,426,292,NaN,426.54,288.4,0.30196
908,59361,59357,59385,59388,593.606,-6.394,exercise,430,314,0.20448,426.49,288.7,0.30854
909,59403,59399,59424,59427,594.034,-5.966,exercise,428,274,0.47138,426.44,288.4,0.31542
910,59446,59442,59468,59470,594.462,-5.538,exercise,428,282,0.1869,426.44,288.15,0.31055
911,59489,59485,59509,59513,594.886,-5.114,exercise,424,286,0.28413,426.39,288.2,0.31055
912,59531,59527,59554,59557,595.314,-4.686,exercise,428,298,0.18808,426.34,288.45,0.31623
913,59574,59570,59598,59599,595.742,-4.258,exercise,428,290,NaN,426.24,288.25,0.32166
914,59617,59613,59639,59641,596.166,-3.834,exercise,424,284,NaN,426.24,288.5,0.32437
915,59659,59655,59680,59684,596.59,-3.41,exercise,424,286,0.33039,426.29,288.7,0.32978
916,59701,59698,59723,59727,597.014,-2.986,exercise,424,294,0.15777,426.2,289.45,0.33314
917,59744,59741,59765,59768,597.442,-2.558,exercise,428,268,0.36162,426.2,289.85,0.33314
918,59787,59783,59808,59810,597.87,-2.13,exercise,428,264,NaN,426.1,289.6,0.33456
919,59830,59826,59853,59856,598.296,-1.704,exercise,426,300,0.35071,426.15,289.7,0.3344
920,59872,59869,59894,59910,598.718,-1.282,exercise,426,NaN,NaN,426.2,289.4,0.32801
921,59915,59911,59939,59940,599.146,-0.854,exercise,428,298,0.25434,426.2,288.3,0.32801
922,59957,59953,59979,59983,599.572,-0.428,exercise,426,300,0.33791,426.1,288.3,0.33417
923,60000,59996,60022,60024,600,0,exercise,428,276,NaN,426.05,288.9,0.3397
924,60043,60040,60065,60071,600.428,0.428,recovery,428,316,0.44095,426.15,288.5,0.3427
925,60085,60082,60106,60110,600.854,0.854,recovery,426,284,0.33448,426.29,288.25,0.34099
926,60128,60124,60151,60152,601.276,1.276,recovery,422,278,0.41612,426.49,287.75,0.33897
927,60170,60167,60192,60195,601.7,1.7,recovery,424,282,0.29325,426.63,287.8,0.33897
928,60213,60209,60235,60238,602.128,2.128,recovery,428,296,NaN,426.73,287.85,0.33424
929,60256,60252,60277,60281,602.558,2.558,recovery,430,290,0.39459,426.73,287.3,0.33887
930,60298,60295,60320,60324,602.984,2.984,recovery,426,290,0.18881,426.93,286.9,0.33396
931,60341,60337,60363,60366,603.406,3.406,recovery,422,284,NaN,426.98,287.05,0.34424
932,60383,60380,60406,60411,603.832,3.832,recovery,426,310,NaN,427.12,286.95,0.34311
933,60426,60423,60447,60452,604.258,4.258,recovery,426,294,0.45754,427.17,287.7,0.34907
934,60469,60465,60493,60494,604.686,4.686,recovery,428,290,0.50659,427.17,287.35,0.35004
935,60511,60508,60532,60538,605.112,5.112,recovery,426,298,0.41225,427.51,287.4,0.35582
936,60553,60550,60576,60580,605.534,5.534,recovery,422,298,0.4205,427.8,287.5,0.35676
937,60596,60593,60620,60624,605.962,5.962,recovery,428,304,NaN,428,287.1,0.35714
938,60639,60635,60659,60662,606.386,6.386,recovery,424,268,0.37276,428.05,287.55,0.35667
939,60682,60679,60703,60707,606.818,6.818,recovery,432,286,0.3329,428.1,288.75,0.35028
940,60724,60721,60745,60749,607.244,7.244,recovery,426,274,0.27888,428.29,288.3,0.34409
941,60767,60763,60788,60790,607.668,7.668,recovery,424,272,NaN,428.54,288.44,0.34612
942,60809,60806,60831,60836,608.092,8.092,recovery,424,300,0.40421,428.59,288.78,0.3494
943,60852,60849,60874,60877,608.518,8.518,recovery,426,286,0.49208,428.68,288.63,0.34982
944,60895,60892,60916,60918,608.948,8.948,recovery,430,260,0.42654,428.68,289.27,0.34982
945,60938,60934,60960,60962,609.378,9.378,recovery,430,284,NaN,428.78,289.17,0.35151
946,60981,60977,61002,61004,609.808,9.808,recovery,430,264,0.19099,428.98,289.02,0.3468
947,61024,61020,61045,61050,610.238,10.238,recovery,430,298,NaN,429.37,289.46,0.34413
948,61067,61063,61089,61092,610.668,10.668,recovery,430,294,0.20168,429.66,290.39,0.34989
949,61110,61106,61132,61135,611.098,11.098,recovery,430,292,NaN,429.8,290.44,0.34989
950,61153,61150,61174,61176,611.534,11.534,recovery,436,258,NaN,429.95,289.8,0.34319
951,61196,61193,61218,61222,611.964,11.964,recovery,430,288,0.46447,430.24,289.71,0.34937
952,61239,61236,61261,61264,612.394,12.394,recovery,430,282,0.25344,430.59,289.61,0.34372
953,61282,61279,61305,61311,612.824,12.824,recovery,430,328,NaN,430.93,290.05,0.34178
954,61325,61321,61345,61349,613.252,13.252,recovery,428,276,0.37526,431.27,289.95,0.3375
955,61369,61366,61389,61394,613.69,13.69,recovery,438,286,0.51197,431.51,290.05,0.33223
956,61413,61409,61436,61438,614.126,14.126,recovery,436,290,NaN,431.76,290.49,0.32915
957,61456,61452,61476,61480,614.558,14.558,recovery,432,278,0.16803,432.15,290.44,0.32334
958,61499,61495,61520,61524,614.988,14.988,recovery,430,286,0.3488,432.49,290.1,0.32002
959,61542,61538,61563,61569,615.418,15.418,recovery,430,312,0.1777,432.88,290.59,0.32464
960,61585,61582,61607,61611,615.852,15.852,recovery,434,282,0.17754,432.98,290.68,0.31957
961,61629,61625,61651,61654,616.288,16.288,recovery,436,294,0.40291,433.22,291.27,0.32632
962,61672,61669,61694,61700,616.718,16.718,recovery,430,312,NaN,433.51,291.51,0.32393
963,61715,61711,61737,61740,617.148,17.148,recovery,430,294,NaN,433.95,291.12,0.32096
964,61758,61754,61780,61784,617.576,17.576,recovery,428,302,NaN,434.29,291.32,0.31636
965,61801,61797,61832,61829,618.008,18.008,recovery,432,312,0.4865,434.44,291.8,0.31268
966,61844,61841,61866,61869,618.442,18.442,recovery,434,278,0.20726,434.68,291.66,0.31268
967,61888,61884,61910,61914,618.88,18.88,recovery,438,296,NaN,434.88,292.2,0.31985
968,61932,61928,61954,61960,619.316,19.316,recovery,436,320,0.44283,435.07,291.9,0.31985
969,61975,61971,61997,62001,619.75,19.75,recovery,434,298,NaN,435.27,291.8,0.3244
970,62019,62015,62040,62042,620.186,20.186,recovery,436,264,0.2205,435.41,291.76,0.3244
971,62062,62059,62084,62088,620.624,20.624,recovery,438,286,0.34961,435.41,292.68,0.32353
972,62106,62103,62127,62131,621.06,21.06,recovery,436,280,0.19675,435.56,293.41,0.3151
973,62150,62146,62173,62178,621.5,21.5,recovery,440,328,0.28945,435.85,293.76,0.31747
974,62194,62191,62218,62220,621.94,21.94,recovery,440,290,NaN,436.1,292.88,0.31789
975,62238,62235,62260,62264,622.378,22.378,recovery,438,294,0.36443,436.34,294.05,0.31387
976,62281,62278,62304,62310,622.814,22.814,recovery,436,316,NaN,436.34,293.66,0.30625
977,62325,62321,62347,62351,623.252,23.252,recovery,438,296,0.26933,436.34,294.39,0.31326
978,62369,62366,62391,62395,623.694,23.694,recovery,442,290,0.23367,436.59,294.78,0.31492
979,62413,62410,62435,62438,624.134,24.134,recovery,440,288,0.4976,436.93,294.63,0.31318
980,62457,62454,62479,62483,624.57,24.57,recovery,436,290,0.19605,437.32,293.95,0.31702
981,62501,62498,62523,62528,625.006,25.006,recovery,436,298,0.46108,437.61,293.9,0.32427
982,62544,62541,62566,62569,625.442,25.442,recovery,436,282,0.25936,437.85,294.24,0.31573
983,62588,62586,62610,62614,625.884,25.884,recovery,442,284,NaN,438.24,293.66,0.31573
984,62632,62630,62654,62659,626.324,26.324,recovery,440,294,0.36807,438.78,294.05,0.31573
985,62676,62672,62697,62700,626.76,26.76,recovery,436,280,0.3271,439.37,293.8,0.31621
986,62720,62716,62742,62744,627.2,27.2,recovery,440,278,NaN,440.05,293.17,0.31412
987,62764,62760,62785,62788,627.638,27.638,recovery,438,286,0.38467,440.68,293.71,0.3237
988,62808,62804,62830,62833,628.076,28.076,recovery,438,286,NaN,441.27,293.61,0.3237
989,62851,62847,62873,62876,628.514,28.514,recovery,438,290,NaN,441.85,293.02,0.32061
990,62895,62891,62917,62920,628.95,28.95,recovery,436,290,NaN,442.44,292.93,0.3251
991,62939,62935,62961,62964,629.386,29.386,recovery,436,296,0.30084,443.17,293.66,0.32884
992,62982,62979,63005,63011,629.822,29.822,recovery,436,318,0.23694,443.9,293.71,0.32798
993,63026,63022,63048,63052,630.264,30.264,recovery,442,296,NaN,444.68,293.8,0.33026
994,63070,63066,63092,63095,630.704,30.704,recovery,440,292,0.32889,445.32,292.98,0.33177
995,63114,63110,63136,63142,631.142,31.142,recovery,438,324,0.26662,445.95,293.27,0.32992
996,63158,63155,63179,63182,631.58,31.58,recovery,438,270,NaN,446.59,293.37,0.32679
997,63202,63198,63224,63230,632.016,32.016,recovery,436,320,0.49543,447.17,293.17,0.32679
998,63246,63243,63267,63272,632.458,32.458,recovery,442,294,0.21285,447.85,293.02,0.33275
999,63290,63287,63312,63315,632.902,32.902,recovery,444,280,0.30193,448.29,294,0.33814
1000,63335,63332,63357,63360,633.348,33.348,recovery,446,284,0.28137,448.68,294.1,0.33229
1001,63379,63376,63401,63404,633.794,33.794,recovery,446,280,0.37333,449.12,293.61,0.33734
1002,63424,63421,63446,63452,634.24,34.24,recovery,446,308,0.17227,449.56,293.71,0.32886
1003,63469,63465,63491,63493,634.686,34.686,recovery,446,288,NaN,449.95,294.15,0.33455
1004,63514,63511,63538,63542,635.138,35.138,recovery,452,310,NaN,450.24,294.2,0.33455
1005,63559,63555,63581,63584,635.59,35.59,recovery,452,292,0.32931,450.44,294.44,0.33478
1006,63605,63602,63627,63630,636.05,36.05,recovery,460,286,0.42773,450.73,295.02,0.33406
1007,63651,63648,63672,63678,636.51,36.51,recovery,460,300,0.47559,450.98,295.95,0.34058
1008,63697,63693,63720,63722,636.972,36.972,recovery,462,292,NaN,451.22,296.44,0.33504
1009,63743,63739,63766,63769,637.432,37.432,recovery,460,296,0.35645,451.61,296.1,0.337
1010,63789,63785,63812,63814,637.89,37.89,recovery,458,294,0.45083,452,296.88,0.33686
1011,63836,63832,63858,63861,638.356,38.356,recovery,466,294,NaN,452.34,297.37,0.33833
1012,63882,63878,63904,63907,638.824,38.824,recovery,468,288,0.32563,452.68,297.66,0.34498
1013,63929,63926,63952,63954,639.292,39.292,recovery,468,284,0.26052,453.07,297.66,0.34768
1014,63976,63972,63998,64002,639.758,39.758,recovery,466,294,NaN,453.32,297.71,0.34773
1015,64022,64019,64045,64049,640.224,40.224,recovery,466,302,0.27995,453.71,298.34,0.3461
1016,64069,64065,64091,64095,640.688,40.688,recovery,464,298,0.27681,454.05,297.22,0.34782
1017,64115,64112,64138,64142,641.148,41.148,recovery,460,308,NaN,454.44,298.29,0.3514
1018,64161,64157,64184,64186,641.614,41.614,recovery,466,290,0.43604,454.78,297.66,0.34705
1019,64207,64203,64230,64236,642.074,42.074,recovery,460,330,0.38468,454.98,297.71,0.35293
1020,64253,64250,64275,64279,642.53,42.53,recovery,456,292,0.33389,455.22,298.63,0.3584
1021,64298,64295,64321,64322,642.984,42.984,recovery,454,270,NaN,455.37,299.8,0.36169
1022,64344,64340,64367,64370,643.438,43.438,recovery,454,302,0.23216,455.56,300.73,0.36132
1023,64389,64387,64412,64417,643.89,43.89,recovery,452,300,0.41287,455.71,300.05,0.37053
1024,64434,64431,64458,64460,644.344,44.344,recovery,454,286,NaN,455.8,300.34,0.36904
1025,64479,64475,64502,64506,644.792,44.792,recovery,448,304,0.37424,455.71,300.54,0.36736
1026,64524,64521,64546,64551,645.24,45.24,recovery,448,304,0.30778,455.66,300.54,0.36313
1027,64569,64565,64594,64597,645.69,45.69,recovery,450,316,0.51653,455.37,300.78,0.35763
1028,64614,64610,64637,64641,646.138,46.138,recovery,448,306,0.22953,455.22,300.54,0.35743
1029,64659,64657,64681,64684,646.592,46.592,recovery,454,272,0.39185,455.02,300.59,0.35957
1030,64705,64701,64726,64734,647.046,47.046,recovery,454,322,0.33285,454.88,300.73,0.3593
1031,64750,64746,64773,64777,647.496,47.496,recovery,450,310,0.38253,454.73,300.34,0.35723
1032,64795,64792,64817,64822,647.946,47.946,recovery,450,308,0.50701,454.44,300.29,0.35365
1033,64840,64836,64862,64868,648.398,48.398,recovery,452,318,0.32054,454.1,300.34,0.35445
1034,64885,64882,64907,64911,648.85,48.85,recovery,452,298,0.34934,453.71,300.54,0.35629
1035,64931,64927,64953,64959,649.306,49.306,recovery,456,318,0.27686,453.51,300.59,0.35467
1036,64976,64973,64998,65000,649.758,49.758,recovery,452,278,0.32149,453.22,301.22,0.35629
1037,65021,65018,65043,65049,650.212,50.212,recovery,454,314,0.46601,453.07,300.78,0.36173
1038,65066,65062,65089,65091,650.662,50.662,recovery,450,294,0.35184,452.93,300.15,0.36545
1039,65111,65108,65134,65137,651.112,51.112,recovery,450,296,0.40683,452.63,300.39,0.36322
1040,65157,65153,65180,65185,651.566,51.566,recovery,454,318,0.48252,452.49,299.9,0.35918
1041,65202,65199,65225,65232,652.018,52.018,recovery,452,332,0.38978,452.49,300.2,0.3594
1042,65247,65244,65270,65276,652.472,52.472,recovery,454,318,NaN,452.68,301.12,0.3555
1043,65292,65289,65315,65317,652.924,52.924,recovery,452,280,0.46704,452.73,301.02,0.36033
1044,65337,65334,65360,65364,653.374,53.374,recovery,450,300,0.32125,452.78,300.83,0.36105
1045,65382,65379,65405,65411,653.822,53.822,recovery,448,318,0.31189,452.83,301.41,0.35845
1046,65427,65423,65449,65452,654.272,54.272,recovery,450,292,0.18542,452.98,301.51,0.35858
1047,65472,65469,65495,65498,654.72,54.72,recovery,448,296,0.24093,453.17,302.1,0.35579
1048,65517,65514,65540,65543,655.174,55.174,recovery,454,290,0.4686,453.32,302.39,0.35108
1049,65563,65560,65586,65589,655.628,55.628,recovery,454,294,0.43261,453.56,301.71,0.35487
1050,65608,65605,65631,65635,656.082,56.082,recovery,454,302,0.34678,453.61,302.05,0.35652
1051,65653,65650,65676,65678,656.534,56.534,recovery,452,278,0.37857,453.56,301.27,0.35637
1052,65699,65696,65722,65725,656.988,56.988,recovery,454,292,0.22814,453.61,301.46,0.35623
1053,65744,65741,65766,65770,657.442,57.442,recovery,454,290,NaN,453.76,302.1,0.35645
1054,65789,65786,65812,65815,657.894,57.894,recovery,452,292,0.32482,453.76,301.85,0.35739
1055,65835,65832,65858,65861,658.352,58.352,recovery,458,296,0.29796,454,302.29,0.3576
1056,65881,65878,65904,65910,658.806,58.806,recovery,454,328,0.33837,454.05,302.49,0.35874
1057,65926,65924,65949,65952,659.264,59.264,recovery,458,280,0.47261,454.24,302.93,0.35974
1058,65972,65969,65994,65997,659.718,59.718,recovery,454,282,0.49942,454.39,303.17,0.35713
1059,66017,66014,66040,66044,660.172,60.172,recovery,454,300,0.35345,454.49,304.15,0.35727
1060,66063,66060,66088,66091,660.626,60.626,recovery,454,310,0.23549,454.73,304.34,0.35503
1061,66108,66105,66131,66135,661.082,61.082,recovery,456,304,0.34198,454.98,303.56,0.35174
1062,66154,66151,66179,66182,661.544,61.544,recovery,462,308,0.21097,455.27,303.02,0.35582
1063,66200,66197,66223,66226,662,62,recovery,456,298,0.4157,455.41,302.29,0.35657
1064,66245,66242,66268,66271,662.454,62.454,recovery,454,292,0.44027,455.56,303.41,0.35114
1065,66291,66288,66314,66319,662.91,62.91,recovery,456,310,0.25967,455.76,303.66,0.35197
1066,66336,66333,66362,66364,663.364,63.364,recovery,454,308,0.37922,456.1,304,0.35367
1067,66382,66379,66404,66412,663.82,63.82,recovery,456,328,0.19898,456.34,303.8,0.35974
1068,66428,66425,66452,66457,664.276,64.276,recovery,456,328,0.33313,456.54,304.54,0.3646
1069,66473,66470,66496,66498,664.734,64.734,recovery,458,278,0.37723,456.63,305.12,0.36622
1070,66519,66516,66542,66545,665.19,65.19,recovery,456,286,0.4563,456.73,305.56,0.36176
1071,66564,66561,66587,66590,665.642,65.642,recovery,452,290,0.32691,456.88,305.61,0.36063
1072,66609,66607,66632,66639,666.094,66.094,recovery,452,318,0.37716,457.17,306.68,0.36074
1073,66655,66652,66678,66685,666.55,66.55,recovery,456,334,0.51536,457.51,306.88,0.36598
1074,66700,66697,66723,66728,667.002,67.002,recovery,452,308,NaN,457.76,307.46,0.37035
1075,66746,66743,66769,66775,667.464,67.464,recovery,462,316,0.35711,458.15,307.27,0.3731
1076,66792,66789,66816,66822,667.922,67.922,recovery,458,326,0.3202,458.39,308,0.37308
1077,66838,66835,66862,66864,668.382,68.382,recovery,460,296,NaN,458.73,307.32,0.37136
1078,66884,66881,66907,66913,668.842,68.842,recovery,460,324,0.36922,459.02,308.24,0.36621
1079,66930,66926,66952,66960,669.296,69.296,recovery,454,334,NaN,459.56,309.22,0.36158
1080,66976,66972,66999,67003,669.756,69.756,recovery,460,304,0.32616,460.2,309.41,0.36436
1081,67022,67019,67045,67047,670.22,70.22,recovery,464,286,0.36386,460.88,309.37,0.371
1082,67068,67065,67092,67096,670.684,70.684,recovery,464,310,0.5369,461.51,309.27,0.37632
1083,67114,67111,67138,67140,671.144,71.144,recovery,460,288,0.38358,461.95,309.51,0.38236
1084,67160,67157,67184,67190,671.602,71.602,recovery,458,326,0.2659,462.68,309.95,0.38269
1085,67206,67203,67229,67234,672.06,72.06,recovery,458,310,NaN,463.56,310.63,0.3848
1086,67252,67249,67276,67282,672.522,72.522,recovery,462,332,0.37332,464.44,310.93,0.39168
1087,67298,67295,67321,67323,672.982,72.982,recovery,460,284,0.40387,465.22,311.07,0.39372
1088,67344,67340,67367,67373,673.438,73.438,recovery,456,326,0.4156,465.95,311.22,0.39797
1089,67390,67386,67413,67418,673.896,73.896,recovery,458,314,0.527,466.63,311.46,0.403
1090,67435,67432,67458,67463,674.354,74.354,recovery,458,312,0.27216,467.32,312.44,0.404
1091,67481,67478,67504,67509,674.814,74.814,recovery,460,304,0.30595,467.95,312.98,0.40439
1092,67528,67525,67552,67558,675.278,75.278,recovery,464,322,0.38252,468.68,313.37,0.40892
1093,67575,67571,67597,67601,675.746,75.746,recovery,468,300,0.41695,469.37,312.93,0.40955
1094,67621,67618,67644,67649,676.21,76.21,recovery,464,314,0.52753,469.8,312.93,0.40511
1095,67668,67664,67691,67693,676.678,76.678,recovery,468,284,0.42682,470.49,312.68,0.40673
1096,67715,67711,67738,67744,677.146,77.146,recovery,468,326,0.29695,470.83,312.34,0.40889
1097,67761,67758,67784,67788,677.614,77.614,recovery,468,300,0.27473,471.32,312.15,0.41138
1098,67808,67805,67831,67837,678.084,78.084,recovery,470,318,0.28223,471.66,312.24,0.41587
1099,67856,67852,67880,67884,678.56,78.56,recovery,476,322,0.3281,472,311.37,0.41529
1100,67904,67901,67927,67931,679.04,79.04,recovery,480,308,0.45626,472.59,310.73,0.41305
1101,67952,67949,67975,67980,679.522,79.522,recovery,482,308,0.48113,473.02,311.07,0.41528
1102,68000,67998,68023,68028,680.004,80.004,recovery,482,300,0.53872,473.27,311.66,0.41962
1103,68048,68045,68074,68077,680.484,80.484,recovery,480,318,0.43455,473.51,311.46,0.41509
1104,68097,68094,68120,68125,680.97,80.97,recovery,486,316,0.42793,473.85,312,0.41693
1105,68146,68143,68168,68175,681.46,81.46,recovery,490,320,0.51831,474.24,311.71,0.4198
1106,68195,68192,68218,68224,681.952,81.952,recovery,492,322,0.5144,474.63,311.75,0.4198
1107,68244,68240,68266,68272,682.438,82.438,recovery,486,314,0.45456,477.22,311.55,0.42245
1108,68292,68289,68315,68322,682.924,82.924,recovery,486,334,0.35634,478.34,312.55,0.42473
1109,68341,68338,68364,68371,683.408,83.408,recovery,484,338,0.51921,479.17,312.2,0.42407
1110,68389,68386,68412,68418,683.894,83.894,recovery,486,318,0.41408,479.9,312,0.42395
1111,68438,68433,68460,68464,684.376,84.376,recovery,482,308,0.47068,480.54,312.1,0.42992
1112,68486,68483,68509,68513,684.858,84.858,recovery,482,306,0.49462,481.12,311.9,0.43173
1113,68534,68530,68558,68560,685.338,85.338,recovery,480,300,0.40035,481.61,311.3,0.43306
1114,68581,68579,68605,68612,685.812,85.812,recovery,474,334,0.35136,482,311.6,0.43687
1115,68629,68626,68652,68656,686.292,86.292,recovery,480,298,0.46638,482.49,311.6,0.4351
1116,68677,68673,68700,68704,686.768,86.768,recovery,476,302,0.43919,482.83,312.7,0.4348
1117,68725,68721,68747,68753,687.246,87.246,recovery,478,318,0.41518,483.17,312.55,0.43892
1118,68772,68769,68796,68799,687.72,87.72,recovery,474,300,0.58637,483.51,312.4,0.44206
1119,68819,68816,68843,68845,688.194,88.194,recovery,474,288,0.34674,483.8,311.95,0.44624
1120,68867,68864,68890,68895,688.672,88.672,recovery,478,308,0.32543,484,312.5,0.44754
1121,68915,68912,68938,68943,689.15,89.15,recovery,478,318,NaN,484.05,312.35,0.4485
1122,68962,68959,68985,68990,689.624,89.624,recovery,474,310,0.53322,484.1,312.65,0.44766
1123,69010,69007,69032,69037,690.098,90.098,recovery,474,302,0.36012,484.1,312.85,0.44656
1124,69057,69054,69080,69085,690.572,90.572,recovery,474,310,0.45533,484.1,312.5,0.44603
1125,69105,69101,69128,69133,691.046,91.046,recovery,474,314,0.37782,484.1,312.2,0.44504
1126,69135,69132,69155,69163,691.352,91.352,recovery,474,NaN,NaN,484,311.85,0.44413
1127,69192,69189,69215,69221,691.92,91.92,recovery,568,324,0.47692,483.9,311.8,0.44472
1128,69243,69239,69266,69272,692.426,92.426,recovery,506,324,0.49268,483.9,311.8,0.44635
1129,69292,69288,69314,69319,692.916,92.916,recovery,490,312,0.39001,484,311.6,0.44886
1130,69340,69337,69363,69368,693.404,93.404,recovery,488,306,0.52225,484.2,310.85,0.44828
1131,69389,69386,69412,69417,693.888,93.888,recovery,484,316,0.50499,484.34,310.35,0.45012
1132,69437,69434,69461,69463,694.372,94.372,recovery,484,296,0.3767,484.63,310.75,0.45111
1133,69486,69483,69509,69513,694.856,94.856,recovery,484,298,0.43423,484.98,311.2,0.45226
1134,69534,69531,69557,69562,695.34,95.34,recovery,484,312,0.56545,485.37,311.7,0.45688
1135,69582,69579,69605,69611,695.824,95.824,recovery,484,314,0.45846,485.9,311.2,0.46213
1136,69631,69627,69653,69659,696.306,96.306,recovery,482,328,0.41517,486.24,311.35,0.4609
1137,69679,69675,69702,69707,696.788,96.788,recovery,482,320,0.4578,486.73,311.95,0.46223
1138,69727,69724,69750,69753,697.27,97.27,recovery,482,294,0.39709,487.27,312.15,0.46607
1139,69775,69772,69798,69802,697.752,97.752,recovery,482,300,0.44514,487.9,312.65,0.46379
1140,69824,69820,69847,69855,698.236,98.236,recovery,484,344,0.3788,488.49,313.2,0.46637
1141,69872,69869,69895,69899,698.718,98.718,recovery,482,302,0.49395,489.02,313.3,0.47078
1142,69920,69917,69943,69949,699.202,99.202,recovery,484,320,0.44813,489.51,312.9,0.46876
1143,69968,69966,69991,69997,699.684,99.684,recovery,482,308,0.4958,490.05,312.8,0.46602
1144,70016,70013,70040,70044,700.164,100.164,recovery,480,304,0.41409,490.73,312.95,0.46821
1145,70065,70062,70088,70092,700.65,100.65,recovery,486,304,0.38905,491.37,313.25,0.46812
1146,70114,70111,70137,70142,701.136,101.136,recovery,486,306,0.48291,492.05,313.35,0.47219
1147,70162,70159,70185,70191,701.624,101.624,recovery,488,320,0.53763,492.73,313.76,0.47145
1148,70211,70208,70234,70239,702.11,102.11,recovery,486,314,0.51815,491.12,313.61,0.4753
1149,70260,70257,70283,70289,702.6,102.6,recovery,490,326,0.45424,491.07,313.12,0.47379
1150,70309,70306,70332,70337,703.092,103.092,recovery,492,308,0.49625,491.41,313.22,0.47439
1151,70358,70356,70382,70386,703.584,103.584,recovery,492,298,0.48611,491.95,313.61,0.47141
1152,70408,70405,70431,70437,704.078,104.078,recovery,494,324,0.50903,492.54,313.61,0.47219
1153,70457,70454,70480,70487,704.574,104.574,recovery,496,324,0.53948,493.02,313.71,0.47351
1154,70507,70505,70530,70537,705.07,105.07,recovery,496,320,0.58085,493.51,314.24,0.47442
1155,70557,70553,70580,70585,705.566,105.566,recovery,496,314,0.55606,494.1,314.29,0.47377
1156,70606,70603,70630,70633,706.06,106.06,recovery,494,304,0.41824,494.63,314.78,0.47515
1157,70656,70653,70679,70686,706.556,106.556,recovery,496,326,0.49096,495.22,314.78,0.47746
1158,70706,70702,70729,70735,707.056,107.056,recovery,500,326,0.56519,495.76,314.83,0.48099
1159,70756,70753,70779,70785,707.556,107.556,recovery,500,320,0.49749,496.29,315.66,0.48308
1160,70805,70802,70829,70833,708.054,108.054,recovery,498,310,0.4473,496.68,315.76,0.48056
1161,70855,70852,70879,70883,708.554,108.554,recovery,500,312,0.49717,497.07,314.73,0.4798
1162,70905,70902,70929,70932,709.052,109.052,recovery,498,302,0.39014,497.46,314.78,0.47836
1163,70955,70951,70979,70982,709.548,109.548,recovery,496,306,0.42345,497.85,314.68,0.47785
1164,71005,71002,71029,71032,710.05,110.05,recovery,502,308,0.44801,498.15,314.78,0.47394
1165,71055,71052,71079,71084,710.55,110.55,recovery,500,322,0.45164,498.44,314.98,0.47857
1166,71105,71102,71128,71134,711.052,111.052,recovery,502,318,0.54075,498.73,315.02,0.47759
1167,71155,71153,71178,71186,711.554,111.554,recovery,502,330,0.44184,499.02,315.17,0.47321
1168,71206,71202,71229,71234,712.056,112.056,recovery,502,318,0.63481,499.37,314.63,0.47184
1169,71256,71253,71279,71283,712.56,112.56,recovery,504,304,0.43079,499.71,314.78,0.47065
1170,71306,71303,71329,71335,713.064,113.064,recovery,504,316,0.41444,499.95,314.63,0.47082
1171,71357,71353,71380,71386,713.574,113.574,recovery,510,322,0.4,500.1,315.61,0.46836
1172,71408,71405,71432,71437,714.082,114.082,recovery,508,316,0.53716,500.34,316.39,0.46504
1173,71459,71455,71482,71485,714.586,114.586,recovery,504,300,0.43049,500.63,316.05,0.46415
1174,71509,71506,71533,71538,715.09,115.09,recovery,504,320,0.47154,500.63,315.85,0.4608
1175,71560,71557,71584,71589,715.598,115.598,recovery,508,314,0.539,500.78,316.24,0.45605
1176,71610,71607,71634,71641,716.104,116.104,recovery,506,334,0.51495,501.02,316.05,0.44918
1177,71661,71658,71684,71691,716.61,116.61,recovery,506,328,0.50986,501.17,316.24,0.45156
1178,71711,71708,71734,71740,717.114,117.114,recovery,504,322,0.60247,501.27,316.63,0.44654
1179,71762,71759,71786,71792,717.618,117.618,recovery,504,328,NaN,501.27,316.1,0.44357
1180,71812,71808,71835,71839,718.116,118.116,recovery,498,304,0.34407,501.37,316.39,0.43904
1181,71862,71858,71885,71889,718.616,118.616,recovery,500,302,0.34834,501.56,316.93,0.44374
1182,71911,71908,71935,71939,719.114,119.114,recovery,498,304,0.43671,501.71,317.37,0.44226
1183,71961,71958,71985,71990,719.614,119.614,recovery,500,316,0.42757,501.85,318.24,0.44338
1184,72011,72008,72034,72039,720.108,120.108,recovery,494,312,0.33933,502.15,318.24,0.44347
1185,72060,72057,72083,72088,720.6,120.6,recovery,492,312,0.59926,502.49,318.1,0.44371
1186,72110,72107,72133,72137,721.098,121.098,recovery,498,306,0.35005,502.88,318.54,0.44477
1187,72160,72156,72183,72188,721.596,121.596,recovery,498,312,0.30775,503.32,318.68,0.44488
1188,72210,72207,72233,72237,722.098,122.098,recovery,502,298,0.48255,503.71,318.34,0.44545
1189,72260,72256,72283,72288,722.598,122.598,recovery,500,320,NaN,504.1,318,0.4375
1190,72310,72306,72334,72338,723.098,123.098,recovery,500,320,0.46096,504.59,318.49,0.43675
1191,72360,72356,72384,72391,723.596,123.596,recovery,498,348,0.40032,505.12,318.59,0.43762
1192,72410,72407,72435,72440,724.098,124.098,recovery,502,330,0.3566,505.51,318.78,0.43938
1193,72460,72457,72484,72488,724.604,124.604,recovery,506,310,0.47438,506,319.02,0.44027
1194,72510,72507,72534,72539,725.1,125.1,recovery,496,316,0.40867,506.59,319.32,0.44446
1195,72560,72558,72585,72591,725.602,125.602,recovery,502,336,0.39578,507.12,318.83,0.44042
1196,72611,72607,72635,72638,726.108,126.108,recovery,506,306,0.28785,507.61,319.61,0.43783
1197,72661,72658,72684,72690,726.608,126.608,recovery,500,312,0.51125,508.15,319.9,0.43773
1198,72711,72708,72735,72742,727.108,127.108,recovery,500,342,0.2952,508.54,320.05,0.43754
1199,72761,72758,72785,72788,727.608,127.608,recovery,500,304,0.44946,508.88,320.05,0.43268
1200,72811,72808,72835,72841,728.112,128.112,recovery,504,332,0.32049,509.17,320.15,0.43043
1201,72862,72859,72886,72892,728.618,128.618,recovery,506,332,0.63075,509.71,320.49,0.43119
1202,72912,72909,72936,72942,729.124,129.124,recovery,506,330,0.43967,510.24,321.07,0.43246
1203,72963,72960,72988,72993,729.628,129.628,recovery,504,338,0.43365,510.83,322.05,0.43408
1204,73014,73010,73038,73041,730.136,130.136,recovery,508,306,0.42699,511.51,323.02,0.43515
1205,73065,73062,73089,73092,730.652,130.652,recovery,516,302,0.45728,512.39,323.17,0.43472
1206,73117,73114,73141,73148,731.168,131.168,recovery,516,340,0.49316,513.32,323.27,0.42864
1207,73169,73165,73193,73198,731.688,131.688,recovery,520,324,0.54495,514.2,323.66,0.43108
1208,73221,73217,73245,73249,732.206,132.206,recovery,518,316,0.46389,515.17,323.85,0.43441
1209,73272,73269,73297,73300,732.724,132.724,recovery,518,304,0.32502,516.1,324.83,0.43291
1210,73325,73322,73350,73354,733.248,133.248,recovery,524,324,0.40146,517.07,324.49,0.43308
1211,73377,73374,73402,73406,733.774,133.774,recovery,526,320,0.44837,518.05,324.88,0.43012
1212,73430,73427,73454,73460,734.3,134.3,recovery,526,330,0.46863,519.17,324.34,0.42943
1213,73483,73479,73506,73512,734.828,134.828,recovery,528,326,0.57179,520.24,324.05,0.43114
1214,73536,73532,73560,73564,735.356,135.356,recovery,528,312,0.59396,521.32,324.29,0.43228
1215,73588,73585,73612,73615,735.882,135.882,recovery,526,300,0.31395,522.73,324.78,0.43414
1216,73641,73638,73666,73672,736.41,136.41,recovery,528,346,NaN,524.1,324.24,0.43574
1217,73694,73690,73718,73725,736.938,136.938,recovery,528,346,0.51125,525.37,324.54,0.43838
1218,73746,73743,73770,73776,737.46,137.46,recovery,522,334,0.50263,526.73,324.98,0.43506
1219,73798,73795,73822,73827,737.978,137.978,recovery,518,322,0.41796,528.05,324.59,0.43841
1220,73849,73846,73874,73879,738.494,138.494,recovery,516,332,0.34493,529.41,325.27,0.4382
1221,73901,73898,73926,73930,739.014,139.014,recovery,520,318,0.37349,530.63,325.51,0.44007
1222,73954,73950,73978,73983,739.536,139.536,recovery,522,326,0.39794,531.85,325.41,0.43457
1223,74006,74003,74030,74038,740.058,140.058,recovery,522,344,0.49983,533.02,325.07,0.43244
1224,74059,74055,74083,74091,740.586,140.586,recovery,528,356,0.46953,534.34,324.44,0.43227
1225,74112,74108,74136,74140,741.116,141.116,recovery,530,318,0.32237,535.66,325.32,0.43425
1226,74165,74161,74189,74193,741.646,141.646,recovery,530,316,0.36208,536.73,326.05,0.43515
1227,74218,74215,74243,74247,742.18,142.18,recovery,534,322,0.44518,537.95,326,0.43323
1228,74272,74269,74296,74301,742.718,142.718,recovery,538,320,0.43758,538.98,326.68,0.43078
1229,74326,74323,74350,74356,743.258,143.258,recovery,540,338,0.42408,540,326.78,0.42797
1230,74380,74377,74404,74407,743.798,143.798,recovery,540,306,0.43976,540.98,327.61,0.4307
1231,74434,74430,74459,74464,744.338,144.338,recovery,540,336,0.34258,541.85,327.66,0.43123
1232,74488,74485,74513,74517,744.882,144.882,recovery,544,326,0.37265,542.68,328.15,0.43262
1233,74543,74540,74568,74571,745.428,145.428,recovery,546,318,0.42509,543.51,328.24,0.43285
1234,74598,74595,74623,74627,745.978,145.978,recovery,550,320,0.52008,544.29,328.15,0.42779
1235,74653,74650,74678,74684,746.532,146.532,recovery,554,336,0.48318,545.12,328.59,0.42265
1236,74709,74706,74733,74737,747.09,147.09,recovery,558,314,0.45961,546.05,329.17,0.42565
1237,74765,74762,74789,74793,747.648,147.648,recovery,558,318,0.39362,547.07,328.98,0.42496
1238,74820,74817,74846,74850,748.204,148.204,recovery,556,330,0.37837,548.05,328.73,0.4242
1239,74876,74873,74901,74905,748.758,148.758,recovery,554,326,0.42897,549.37,328.93,0.42386
1240,74931,74928,74956,74961,749.314,149.314,recovery,556,332,0.44121,550.83,329.66,0.42583
1241,74987,74984,75011,75018,749.868,149.868,recovery,554,342,0.39541,552.2,329.56,0.42574
1242,75042,75039,75067,75072,750.424,150.424,recovery,556,328,0.41059,553.37,329.51,0.42557
1243,75098,75094,75124,75126,750.978,150.978,recovery,554,316,0.35461,554.39,329.71,0.42729
1244,75154,75151,75179,75182,751.536,151.536,recovery,558,312,0.42664,555.41,330.05,0.42667
1245,75210,75206,75235,75241,752.098,152.098,recovery,562,342,0.50613,556.15,329.46,0.42719
1246,75266,75263,75290,75296,752.658,152.658,recovery,560,332,0.49361,556.73,329.51,0.43035
1247,75322,75319,75347,75353,753.224,153.224,recovery,566,338,0.41612,557.27,330.1,0.43092
1248,75379,75375,75404,75411,753.786,153.786,recovery,562,352,0.4471,557.71,330.73,0.43138
1249,75435,75431,75460,75463,754.346,154.346,recovery,560,320,0.3516,558.15,331.27,0.43188
1250,75490,75487,75516,75521,754.904,154.904,recovery,558,338,0.43405,558.54,331.22,0.43422
1251,75546,75544,75571,75577,755.464,155.464,recovery,560,326,0.42268,559.02,331.85,0.43548
1252,75602,75599,75627,75633,756.024,156.024,recovery,560,340,0.50381,559.61,332.05,0.43707
1253,75658,75655,75683,75689,756.584,156.584,recovery,560,334,0.47799,560.05,332.05,0.43741
1254,75714,75711,75739,75743,757.144,157.144,recovery,560,322,0.36955,560.54,332.39,0.43753
1255,75771,75767,75796,75800,757.706,157.706,recovery,562,330,0.38814,561.02,333.22,0.43579
1256,75827,75824,75852,75857,758.27,158.27,recovery,564,324,0.43406,561.37,333.66,0.43609
1257,75884,75881,75909,75915,758.84,158.84,recovery,570,338,0.39719,561.66,334.29,0.43614
1258,75941,75938,75966,75971,759.408,159.408,recovery,568,336,0.48006,561.9,334.29,0.43759
1259,75998,75995,76023,76029,759.984,159.984,recovery,576,342,0.48876,562.1,334.54,0.44074
1260,76056,76053,76080,76088,760.562,160.562,recovery,578,352,0.49876,562.39,335.12,0.44151
1261,76113,76110,76138,76143,761.134,161.134,recovery,572,328,0.34136,562.63,335.41,0.44185
1262,76170,76167,76195,76198,761.702,161.702,recovery,568,316,0.36653,562.88,335.22,0.44301
1263,76227,76223,76252,76257,762.266,162.266,recovery,564,334,0.46845,563.22,335.71,0.44519
1264,76283,76280,76308,76316,762.83,162.83,recovery,564,358,0.47427,563.71,336.88,0.44789
1265,76339,76336,76364,76369,763.388,163.388,recovery,558,332,0.49094,564.1,338.1,0.44821
1266,76394,76391,76419,76423,763.942,163.942,recovery,554,320,0.45195,564.39,338,0.44625
1267,76449,76446,76474,76480,764.494,164.494,recovery,552,340,0.38538,564.78,338.15,0.44644
1268,76505,76501,76529,76536,765.046,165.046,recovery,552,348,0.46391,564.98,338.54,0.4469
1269,76560,76557,76585,76591,765.602,165.602,recovery,556,342,0.45836,565.27,338.44,0.44713
1270,76616,76612,76640,76646,766.158,166.158,recovery,556,336,0.51979,565.61,339.02,0.44908
1271,76672,76669,76696,76702,766.718,166.718,recovery,560,332,0.49165,566,339.56,0.44861
1272,76728,76726,76753,76760,767.282,167.282,recovery,564,344,0.40775,566.29,339.9,0.44848
1273,76784,76781,76810,76814,767.844,167.844,recovery,562,326,0.38632,566.63,340.15,0.44632
1274,76841,76838,76866,76871,768.41,168.41,recovery,566,332,0.42996,566.98,340.29,0.44768
1275,76898,76895,76923,76930,768.98,168.98,recovery,570,354,0.44885,567.32,340.98,0.45036
1276,76955,76952,76979,76987,769.548,169.548,recovery,568,354,0.49546,567.66,340.93,0.45188
1277,77012,77009,77037,77043,770.118,170.118,recovery,570,340,0.46194,567.9,341.17,0.45091
1278,77069,77066,77094,77098,770.686,170.686,recovery,568,318,0.45294,568.05,341.51,0.45278
1279,77125,77122,77150,77156,771.25,171.25,recovery,564,340,0.50747,568.1,341.8,0.45276
1280,77182,77178,77207,77213,771.816,171.816,recovery,566,350,0.46047,567.85,342.34,0.4521
1281,77238,77235,77263,77269,772.382,172.382,recovery,566,344,0.45508,567.41,341.9,0.44929
1282,77295,77292,77320,77325,772.946,172.946,recovery,564,334,NaN,567.07,342.15,0.45543
1283,77352,77348,77376,77383,773.516,173.516,recovery,570,348,0.49805,566.54,343.12,0.46021
1284,77409,77406,77434,77442,774.09,174.09,recovery,574,364,0.46232,566.24,343.17,0.45974
1285,77466,77463,77492,77499,774.664,174.664,recovery,574,362,0.43943,565.95,342.88,0.46129
1286,77524,77520,77550,77554,775.238,175.238,recovery,574,338,0.42778,565.8,343.17,0.45908
1287,77581,77578,77607,77612,775.814,175.814,recovery,576,338,0.50143,565.8,343.56,0.45747
1288,77639,77635,77664,77671,776.388,176.388,recovery,574,354,0.43454,565.95,343.56,0.45757
1289,77696,77693,77721,77728,776.962,176.962,recovery,574,348,0.45632,566.2,343.71,0.45634
1290,77754,77750,77778,77785,777.536,177.536,recovery,574,344,0.4295,566.39,343.95,0.45681
1291,77811,77808,77836,77844,778.11,178.11,recovery,574,360,0.41498,566.73,344.24,0.45389
1292,77868,77865,77894,77899,778.682,178.682,recovery,572,340,0.41763,567.02,344.44,0.45043
1293,77926,77922,77951,77957,779.256,179.256,recovery,574,350,0.41734,567.27,344.88,0.45033
1294,77983,77980,78008,78014,779.83,179.83,recovery,574,340,0.53241,567.66,345.76,0.45036
1295,78040,78037,78065,78072,780.404,180.404,recovery,574,350,0.47683,568,345.95,0.44835
1296,78098,78095,78123,78128,780.98,180.98,recovery,576,328,0.44899,568.34,345.46,0.44798
1297,78155,78152,78181,78186,781.554,181.554,recovery,574,334,0.3951,568.68,345.41,0.44408
1298,78213,78210,78239,78245,782.13,182.13,recovery,576,352,0.47232,568.98,344.83,0.44545
1299,78270,78267,78295,78301,782.7,182.7,recovery,570,348,0.47906,569.27,345.22,0.44431
1300,78327,78323,78352,78360,783.266,183.266,recovery,566,364,0.46226,569.61,345.61,0.44156
1301,78383,78380,78408,78413,783.826,183.826,recovery,560,334,0.38659,569.8,345.46,0.43892
1302,78438,78435,78466,78469,784.384,184.384,recovery,558,338,0.58696,570,345.41,0.4377
1303,78493,78490,78518,78526,784.93,184.93,recovery,546,356,0.55757,570.34,346,0.43629
1304,78548,78545,78573,78578,785.482,185.482,recovery,552,336,0.44953,570.59,346,0.43277
1305,78603,78600,78628,78635,786.034,186.034,recovery,552,346,0.53645,570.98,345.32,0.43257
1306,78659,78656,78683,78690,786.586,186.586,recovery,552,344,0.40253,571.41,345.37,0.43182
1307,78714,78711,78740,78744,787.14,187.14,recovery,554,336,0.38763,572.05,345.46,0.43365
1308,78770,78767,78796,78801,787.698,187.698,recovery,558,340,0.38928,572.59,345.95,0.43515
1309,78826,78823,78851,78858,788.26,188.26,recovery,562,354,0.41484,573.07,346.05,0.43322
1310,78882,78879,78908,78914,788.824,188.824,recovery,564,352,0.47693,573.46,346.2,0.43136
1311,78939,78936,78965,78971,789.394,189.394,recovery,570,348,0.40328,573.85,346.29,0.43026
1312,78997,78993,79022,79027,789.966,189.966,recovery,572,340,0.35318,574.2,346,0.43009
1313,79054,79051,79080,79087,790.54,190.54,recovery,574,362,0.4036,574.63,346.34,0.43124
1314,79112,79108,79137,79145,791.118,191.118,recovery,578,362,0.38773,575.17,346.34,0.43262
1315,79170,79167,79196,79201,791.698,191.698,recovery,580,340,0.34958,575.8,347.12,0.42847
1316,79228,79225,79254,79258,792.282,192.282,recovery,584,334,0.43387,576.34,346.78,0.4239
1317,79286,79284,79312,79319,792.864,192.864,recovery,582,352,0.33958,576.73,346.73,0.42327
1318,79345,79342,79371,79374,793.446,193.446,recovery,582,316,0.51649,577.27,347.41,0.42205
1319,79403,79399,79428,79433,794.026,194.026,recovery,580,334,0.40732,578,347.76,0.42038
1320,79460,79457,79486,79493,794.604,194.604,recovery,578,356,0.39753,578.88,347.8,0.41906
1321,79518,79514,79544,79549,795.178,195.178,recovery,574,344,0.35499,580.05,347.41,0.4181
1322,79575,79572,79602,79606,795.752,195.752,recovery,574,342,0.40627,581.41,347.56,0.41668
1323,79633,79630,79659,79665,796.33,196.33,recovery,578,358,0.38005,582.68,348.1,0.41175
1324,79691,79688,79717,79723,796.91,196.91,recovery,580,348,0.35367,584.24,348.2,0.40826
1325,79750,79747,79776,79781,797.5,197.5,recovery,590,336,0.45387,585.61,347.9,0.40789
1326,79809,79806,79835,79842,798.092,198.092,recovery,592,364,0.40896,586.93,348.24,0.40544
1327,79869,79866,79895,79900,798.692,198.692,recovery,600,342,0.5027,588.15,347.9,0.4063
1328,79929,79926,79954,79962,799.29,199.29,recovery,598,358,0.56282,589.22,348.24,0.40554
1329,79988,79985,80014,80021,799.884,199.884,recovery,594,358,0.35564,590.2,348.59,0.40492
1330,80047,80044,80074,80080,800.474,200.474,recovery,590,354,0.38,591.07,348.39,0.40433
1331,80106,80103,80133,80138,801.064,201.064,recovery,590,348,0.38423,591.85,348.1,0.40492
1332,80165,80163,80191,80197,801.652,201.652,recovery,588,348,0.40787,592.59,348.93,0.40604
1333,80224,80221,80250,80256,802.242,202.242,recovery,590,354,0.465,593.17,348.83,0.40537
1334,80284,80281,80310,80316,802.838,202.838,recovery,596,350,0.47383,593.71,348.39,0.40326
1335,80344,80341,80370,80378,803.438,203.438,recovery,600,372,0.36213,594.15,348.24,0.40386
1336,80403,80400,80429,80434,804.034,204.034,recovery,596,336,0.28957,594.59,348.73,0.40502
1337,80463,80459,80489,80492,804.626,204.626,recovery,592,326,NaN,594.98,348.98,0.40381
1338,80522,80519,80549,80555,805.222,205.222,recovery,596,362,0.34629,595.41,349.27,0.40677
1339,80583,80579,80609,80616,805.828,205.828,recovery,606,366,0.40531,595.85,350.34,0.40237
1340,80643,80640,80669,80675,806.434,206.434,recovery,606,350,0.42632,596.39,350.83,0.40088
1341,80705,80701,80731,80736,807.048,207.048,recovery,614,348,0.4238,596.93,350.93,0.40044
1342,80766,80763,80794,80797,807.664,207.664,recovery,616,340,0.32991,597.61,351.12,0.40308
1343,80827,80824,80854,80860,808.274,208.274,recovery,610,360,0.38977,598.34,351.41,0.40612
1344,80888,80885,80915,80921,808.884,208.884,recovery,610,360,0.4182,599.02,351.07,0.40633
1345,80949,80947,80975,80979,809.492,209.492,recovery,608,324,0.43439,599.66,351.12,0.40674
1346,81010,81006,81036,81042,810.098,210.098,recovery,606,360,0.4386,600.1,351.71,0.40675
1347,81070,81067,81096,81100,810.7,210.7,recovery,602,330,0.43692,600.49,351.51,0.40817
1348,81130,81126,81157,81161,811.298,211.298,recovery,598,350,0.35723,600.63,351.95,0.40571
1349,81190,81186,81216,81222,811.896,211.896,recovery,598,354,0.36455,600.78,352,0.39878
1350,81249,81246,81276,81281,812.494,212.494,recovery,598,346,0.39107,600.98,351.85,0.39943
1351,81309,81306,81335,81340,813.09,213.09,recovery,596,340,0.50075,601.37,352.05,0.40043
1352,81369,81366,81395,81404,813.69,213.69,recovery,600,382,0.44788,601.76,352.05,0.39915
1353,81429,81425,81455,81459,814.286,214.286,recovery,596,336,0.32635,602.34,352.88,0.39505
1354,81488,81485,81515,81519,814.882,214.882,recovery,596,344,0.31923,602.78,352.73,0.39248
1355,81548,81544,81575,81580,815.478,215.478,recovery,596,356,0.41165,603.17,352.88,0.39034
1356,81608,81604,81634,81640,816.076,216.076,recovery,598,360,0.39621,603.51,352.78,0.3914
1357,81668,81664,81694,81699,816.676,216.676,recovery,600,344,0.38537,604,352.93,0.3931
1358,81728,81725,81754,81761,817.276,217.276,recovery,600,364,0.45793,604.73,353.85,0.39381
1359,81788,81784,81814,81820,817.876,217.876,recovery,600,360,0.34041,605.56,353.71,0.39552
1360,81848,81844,81874,81880,818.478,218.478,recovery,602,354,0.34791,606.15,353.66,0.39498
1361,81908,81904,81935,81940,819.078,219.078,recovery,600,360,0.37978,606.73,354.24,0.39455
1362,81968,81965,81995,82000,819.68,219.68,recovery,602,352,0.46058,607.07,354.63,0.39505
1363,82028,82025,82055,82061,820.284,220.284,recovery,604,354,0.52789,607.32,355.07,0.39828
1364,82089,82086,82115,82120,820.89,220.89,recovery,606,344,0.38856,607.66,355.66,0.39941
1365,82150,82146,82176,82181,821.496,221.496,recovery,606,350,0.37018,607.85,355.51,0.39742
1366,82210,82208,82236,82244,822.104,222.104,recovery,608,360,0.45401,608,356.44,0.39358
1367,82271,82268,82297,82304,822.712,222.712,recovery,608,356,0.4661,608.2,356.68,0.39139
1368,82332,82329,82358,82365,823.318,223.318,recovery,606,360,0.40399,608.59,357.46,0.39014
1369,82392,82389,82419,82425,823.922,223.922,recovery,604,360,0.28586,609.22,358.1,0.39031
1370,82452,82449,82479,82484,824.524,224.524,recovery,602,352,0.38167,609.95,358.2,0.38917
1371,82513,82510,82540,82546,825.13,225.13,recovery,606,362,0.41985,610.73,358.39,0.38559
1372,82574,82570,82601,82605,825.736,225.736,recovery,606,348,0.333,611.41,359.32,0.38356
1373,82635,82631,82662,82670,826.348,226.348,recovery,612,382,0.24407,612.15,358.98,0.38117
1374,82696,82692,82722,82727,826.956,226.956,recovery,608,348,0.36225,612.88,359.41,0.38407
1375,82757,82754,82784,82789,827.568,227.568,recovery,612,356,0.38795,613.61,360,0.38428
1376,82818,82815,82845,82852,828.182,228.182,recovery,614,368,0.40479,614.49,360.05,0.37822
1377,82880,82877,82907,82911,828.798,228.798,recovery,616,342,0.35754,615.02,359.37,0.37704
1378,82942,82939,82969,82975,829.42,229.42,recovery,622,364,0.42191,615.56,360.1,0.37577
1379,83005,83002,83032,83037,830.05,230.05,recovery,630,356,0.41675,615.95,360.34,0.37247
1380,83068,83065,83094,83101,830.68,230.68,recovery,630,364,0.38294,616.2,360.1,0.37193
1381,83131,83128,83158,83165,831.31,231.31,recovery,630,374,0.40868,616.29,360.2,0.37194
1382,83194,83190,83220,83227,831.938,231.938,recovery,628,364,0.44447,616.39,360.24,0.37258
1383,83256,83253,83283,83289,832.564,232.564,recovery,626,358,0.46222,616.44,360.88,0.37035
1384,83319,83315,83345,83354,833.188,233.188,recovery,624,384,0.43602,616.54,360.98,0.36629
1385,83381,83377,83408,83413,833.806,233.806,recovery,618,354,0.33684,616.68,361.32,0.36657
1386,83442,83438,83469,83475,834.42,234.42,recovery,614,362,0.27661,616.93,361.56,0.36661
1387,83503,83500,83531,83537,835.034,235.034,recovery,614,370,0.34897,617.07,361.8,0.36329
1388,83565,83562,83592,83598,835.652,235.652,recovery,618,362,0.3859,617.17,361.46,0.35762
1389,83628,83624,83655,83662,836.276,236.276,recovery,624,376,0.36409,617.22,361.56,0.35553
1390,83690,83687,83717,83723,836.904,236.904,recovery,628,358,0.31784,617.37,361.66,0.35582
1391,83753,83750,83781,83785,837.534,237.534,recovery,630,354,0.24417,617.56,361.95,0.35461
1392,83816,83812,83844,83850,838.158,238.158,recovery,624,378,0.41758,617.85,362.2,0.35363
1393,83879,83875,83907,83912,838.788,238.788,recovery,630,368,0.3499,618.2,362.54,0.35324
1394,83941,83938,83968,83973,839.414,239.414,recovery,626,354,0.44508,618.39,361.8,0.35279
1395,84004,84001,84032,84038,840.04,240.04,recovery,626,368,0.32804,618.73,362.2,0.35018
1396,84067,84064,84094,84100,840.672,240.672,recovery,632,358,0.16302,619.12,362.39,0.3483
1397,84129,84127,84157,84160,841.292,241.292,recovery,620,332,0.34807,619.66,362.59,0.34626
1398,84191,84188,84218,84226,841.914,241.914,recovery,622,374,0.333,620.39,363.22,0.3451
1399,84253,84249,84280,84286,842.53,242.53,recovery,616,374,0.32269,621.12,363.02,0.34216
1400,84314,84311,84342,84346,843.14,243.14,recovery,610,350,0.31843,621.51,362.98,0.33853
1401,84375,84371,84402,84407,843.746,243.746,recovery,606,358,0.34832,621.8,362.88,0.33546
1402,84435,84432,84463,84468,844.35,244.35,recovery,604,362,0.40615,622.1,363.07,0.33367
1403,84495,84492,84523,84530,844.954,244.954,recovery,604,378,0.36912,622.39,363.41,0.33184
1404,84556,84553,84583,84589,845.562,245.562,recovery,608,358,0.36138,622.78,364,0.32978
1405,84617,84614,84645,84650,846.174,246.174,recovery,612,358,0.39984,623.32,364.24,0.3293
1406,84679,84676,84706,84712,846.79,246.79,recovery,616,360,0.37192,623.85,364.93,0.32813
1407,84740,84737,84768,84774,847.404,247.404,recovery,614,370,0.31779,624.49,365.17,0.33047
1408,84802,84798,84830,84832,848.016,248.016,recovery,612,342,0.23372,625.17,365.22,0.32923
1409,84862,84859,84891,84895,848.624,248.624,recovery,608,364,0.31844,625.8,365.37,0.32857
1410,84923,84920,84951,84956,849.234,249.234,recovery,610,364,0.29748,626.54,365.27,0.32791
1411,84984,84981,85012,85018,849.844,249.844,recovery,610,364,0.33209,627.12,365.41,0.3261
1412,85046,85043,85074,85081,850.462,250.462,recovery,618,372,0.37968,627.51,365.76,0.32571
1413,85108,85105,85136,85141,851.082,251.082,recovery,620,362,0.31712,628.05,365.76,0.32372
1414,85170,85167,85199,85202,851.702,251.702,recovery,620,352,0.22573,628.39,365.66,0.32308
1415,85232,85229,85260,85265,852.324,252.324,recovery,622,364,0.25529,628.78,365.95,0.31994
1416,85295,85292,85323,85328,852.952,252.952,recovery,628,364,0.31084,629.02,365.51,0.31768
1417,85359,85355,85387,85393,853.588,253.588,recovery,636,376,0.3209,629.02,365.66,0.31982
1418,85423,85420,85451,85457,854.234,254.234,recovery,646,368,0.3099,629.37,366.78,0.31802
1419,85489,85485,85516,85521,854.886,254.886,recovery,652,356,0.30148,629.61,366.88,0.31804
1420,85553,85550,85581,85585,855.532,255.532,recovery,646,354,0.26802,630.05,366.63,0.31754
1421,85617,85614,85646,85650,856.174,256.174,recovery,642,360,0.25723,630.59,366.73,0.31725
1422,85682,85678,85710,85716,856.816,256.816,recovery,642,382,0.33513,631.17,367.12,0.31572
1423,85746,85742,85773,85780,857.456,257.456,recovery,640,378,0.36955,631.95,367.27,0.31244
1424,85810,85807,85838,85845,858.098,258.098,recovery,642,382,0.37758,632.83,367.12,0.3102
1425,85874,85871,85903,85910,858.744,258.744,recovery,646,394,0.4163,633.61,367.71,0.30647
1426,85938,85935,85967,85973,859.384,259.384,recovery,640,382,0.28883,634.2,368.05,0.30271
1427,86002,85999,86030,86036,860.024,260.024,recovery,640,372,0.37259,634.63,368.44,0.30076
1428,86067,86063,86095,86100,860.666,260.666,recovery,642,372,0.29812,635.27,368.39,0.30077
1429,86131,86128,86159,86165,861.31,261.31,recovery,644,368,0.35878,635.9,369.66,0.30197
1430,86196,86193,86224,86230,861.964,261.964,recovery,654,372,0.337,636.39,369.8,0.30068
1431,86262,86258,86290,86295,862.616,262.616,recovery,652,364,0.24367,636.88,369.8,0.29978
1432,86326,86323,86355,86360,863.262,263.262,recovery,646,368,0.22847,637.37,370.29,0.29948
1433,86391,86387,86419,86425,863.908,263.908,recovery,646,378,0.33565,637.61,369.9,0.2984
1434,86455,86452,86483,86488,864.552,264.552,recovery,644,364,0.32381,637.8,370.34,0.29907
1435,86519,86516,86548,86553,865.194,265.194,recovery,642,366,0.31637,638.1,370.73,0.30149
1436,86583,86580,86611,86615,865.83,265.83,recovery,636,350,0.23552,638.39,371.46,0.30329
1437,86646,86643,86675,86679,866.462,266.462,recovery,632,364,0.25052,638.59,372.1,0.30221
1438,86710,86706,86738,86744,867.096,267.096,recovery,634,378,0.27443,638.63,371.61,0.30268
1439,86773,86769,86801,86807,867.728,267.728,recovery,632,378,0.33369,638.59,371.61,0.30326
1440,86836,86833,86864,86869,868.362,268.362,recovery,634,364,0.30243,638.49,372.2,0.30186
1441,86899,86896,86928,86931,868.994,268.994,recovery,632,354,0.30651,638.49,372.49,0.30262
1442,86962,86959,86991,86996,869.624,269.624,recovery,630,374,0.28554,638.83,372.39,0.30354
1443,87026,87023,87055,87059,870.26,270.26,recovery,636,368,0.27167,639.12,372,0.30345
1444,87090,87087,87118,87124,870.9,270.9,recovery,640,372,0.27719,639.61,371.85,0.30456
1445,87154,87151,87182,87189,871.54,271.54,recovery,640,382,0.20859,639.95,371.71,0.30391
1446,87218,87214,87246,87251,872.176,272.176,recovery,636,372,0.24533,639.95,371.02,0.30155
1447,87281,87278,87309,87315,872.81,272.81,recovery,634,376,0.29227,640,371.12,0.30192
1448,87345,87342,87373,87378,873.45,273.45,recovery,640,368,0.31791,639.9,371.02,0.30172
1449,87409,87405,87437,87445,874.088,274.088,recovery,638,394,0.28295,639.56,371.12,0.30144
1450,87472,87468,87500,87505,874.716,274.716,recovery,628,370,0.26567,639.22,371.27,0.29963
1451,87535,87531,87563,87567,875.346,275.346,recovery,630,364,0.26044,638.73,370.98,0.2987
1452,87598,87594,87626,87633,875.976,275.976,recovery,630,384,0.32002,638.34,371.66,0.30017
1453,87660,87657,87688,87693,876.604,276.604,recovery,628,356,0.33551,637.95,372.1,0.3013
1454,87723,87720,87751,87758,877.232,277.232,recovery,628,380,0.34436,637.51,372.1,0.30141
1455,87786,87783,87815,87820,877.864,277.864,recovery,632,368,0.32499,637.17,372.2,0.30264
1456,87850,87846,87878,87886,878.498,278.498,recovery,634,394,0.32895,636.93,372.59,0.30208
1457,87913,87910,87942,87949,879.134,279.134,recovery,636,390,0.26676,636.68,373.9,0.30423
1458,87977,87974,88006,88009,879.772,279.772,recovery,638,356,0.34006,636.34,374.68,0.30674
1459,88042,88038,88070,88075,880.416,280.416,recovery,644,368,0.33363,635.85,374.83,0.30725
1460,88106,88103,88134,88141,881.064,281.064,recovery,648,380,0.24411,635.37,375.02,0.30767
1461,88171,88168,88200,88204,881.71,281.71,recovery,646,366,0.29923,634.83,375.37,0.30703
1462,88237,88233,88265,88269,882.366,282.366,recovery,656,356,0.29494,634.49,375.85,0.3071
1463,88302,88299,88330,88335,883.02,283.02,recovery,654,366,0.3315,634.29,375.8,0.30725
1464,88368,88365,88396,88402,883.68,283.68,recovery,660,372,0.4149,634.15,376.83,0.30696
1465,88434,88430,88461,88468,884.336,284.336,recovery,656,376,0.35114,634.1,377.46,0.30777
1466,88498,88495,88527,88532,884.982,284.982,recovery,646,366,0.31946,634.24,377.46,0.3078
1467,88562,88559,88591,88598,885.624,285.624,recovery,642,386,0.30403,634.39,377.76,0.30695
1468,88626,88623,88654,88659,886.26,286.26,recovery,636,368,0.36453,634.83,377.56,0.3062
1469,88689,88686,88717,88723,886.888,286.888,recovery,628,376,0.28634,635.17,377.95,0.30418
1470,88752,88749,88781,88786,887.518,287.518,recovery,630,374,0.28459,635.8,377.37,0.30433
1471,88815,88812,88844,88848,888.152,288.152,recovery,634,360,0.29896,636.98,377.95,0.30501
1472,88879,88876,88907,88915,888.788,288.788,recovery,636,392,0.30391,638.2,377.85,0.30584
1473,88942,88938,88970,88977,889.418,289.418,recovery,630,386,0.27507,639.51,377.41,0.30547
1474,89005,89001,89033,89039,890.046,290.046,recovery,628,378,0.3401,640.88,377.66,0.30417
1475,89068,89064,89096,89101,890.676,290.676,recovery,630,368,0.37427,641.95,377.12,0.30047
1476,89131,89127,89159,89166,891.308,291.308,recovery,632,382,0.29311,642.78,378,0.29746
1477,89193,89190,89222,89230,891.934,291.934,recovery,626,404,0.32367,643.37,377.9,0.29537
1478,89255,89252,89283,89291,892.552,292.552,recovery,618,396,0.35365,643.95,377.32,0.29509
1479,89317,89313,89345,89352,893.166,293.166,recovery,614,384,0.29511,644.59,377.85,0.29349
1480,89378,89375,89406,89414,893.778,293.778,recovery,612,386,0.35122,645.07,377.8,0.29089
1481,89439,89436,89468,89474,894.39,294.39,recovery,612,378,0.27604,645.32,377.76,0.29023
1482,89501,89497,89530,89535,895.008,295.008,recovery,618,374,0.30951,645.85,378.1,0.28793
1483,89563,89560,89592,89597,895.63,295.63,recovery,622,372,0.29157,646.2,378.29,0.28606
1484,89626,89623,89655,89664,896.26,296.26,recovery,630,410,0.25969,646.68,378.34,0.28368
1485,89690,89686,89719,89726,896.898,296.898,recovery,638,398,0.31028,647.22,378.24,0.27934
1486,89754,89751,89783,89789,897.544,297.544,recovery,646,382,0.20998,647.9,378.29,0.27742
1487,89819,89815,89848,89854,898.186,298.186,recovery,642,384,0.21062,648.78,379.17,0.277
1488,89884,89880,89913,89917,898.838,298.838,recovery,652,368,0.26124,649.85,379.02,0.276
1489,89949,89946,89978,89984,899.492,299.492,recovery,654,384,0.23546,650.93,379.17,0.27332
1490,90016,90012,90045,90049,900.156,300.156,recovery,664,370,0.28906,652.15,379.27,0.27167
1491,90083,90080,90112,90119,900.832,300.832,recovery,676,394,0.29328,653.02,379.37,0.26982
1492,90151,90148,90181,90184,901.512,301.512,recovery,680,360,0.29452,653.8,380.24,0.26812
1493,90220,90216,90249,90253,902.196,302.196,recovery,684,366,0.30508,654.59,379.76,0.2653
1494,90288,90285,90317,90321,902.88,302.88,recovery,684,366,0.28217,655.32,380,0.26272
1495,90355,90352,90385,90388,903.552,303.552,recovery,672,358,0.1926,655.95,380.05,0.25875
1496,90422,90418,90452,90459,904.218,304.218,recovery,666,404,0.2016,656.49,380.15,0.25438
1497,90488,90484,90517,90523,904.876,304.876,recovery,658,390,0.24325,657.22,379.8,0.25295
1498,90554,90550,90583,90587,905.536,305.536,recovery,660,366,0.2553,658.29,379.85,0.25155
1499,90620,90617,90649,90654,906.2,306.2,recovery,664,378,0.2743,659.9,380.34,0.24818
1500,90686,90683,90716,90720,906.864,306.864,recovery,664,366,0.22694,661.51,380.59,0.24715
1501,90752,90749,90782,90787,907.522,307.522,recovery,658,378,0.21723,662.98,380.59,0.24435
1502,90819,90816,90849,90854,908.19,308.19,recovery,668,380,0.20474,664.44,380.78,0.24351
1503,90886,90882,90916,90919,908.86,308.86,recovery,670,364,0.21835,665.76,381.37,0.24112
1504,90953,90950,90983,90987,909.534,309.534,recovery,674,368,0.23411,666.78,381.27,0.23797
1505,91022,91018,91051,91055,910.216,310.216,recovery,682,368,0.2367,667.41,380.88,0.23656
1506,91090,91087,91120,91124,910.9,310.9,recovery,684,378,0.27239,667.95,380.83,0.23292
1507,91158,91155,91188,91195,911.582,311.582,recovery,682,402,0.30243,668.29,380.93,0.23411
1508,91227,91223,91256,91261,912.268,312.268,recovery,686,380,0.26291,668.88,381.17,0.2343
1509,91295,91291,91324,91329,912.948,312.948,recovery,680,374,0.25483,669.17,381.22,0.23213
1510,91363,91359,91392,91397,913.626,313.626,recovery,678,380,0.21849,669.32,381.12,0.23119
1511,91429,91426,91459,91464,914.292,314.292,recovery,666,378,0.20879,669.27,381.32,0.23008
1512,91496,91493,91526,91532,914.958,314.958,recovery,666,396,0.22944,669.02,381.56,0.22821
1513,91563,91559,91592,91596,915.626,315.626,recovery,668,372,0.18819,668.73,382.1,0.22631
1514,91629,91625,91659,91665,916.286,316.286,recovery,660,396,0.16946,668.39,382.15,0.22355
1515,91694,91690,91724,91728,916.94,316.94,recovery,654,380,0.17706,667.95,382.98,0.22182
1516,91759,91756,91789,91793,917.592,317.592,recovery,652,372,0.19505,667.95,383.56,0.22257
1517,91825,91822,91855,91859,918.254,318.254,recovery,662,368,0.2346,668.05,382.93,0.2225
1518,91892,91889,91922,91930,918.924,318.924,recovery,670,406,0.26636,668.54,382.78,0.22197
1519,91961,91957,91990,91999,919.608,319.608,recovery,684,416,0.21562,668.83,383.61,0.22061
1520,92029,92025,92059,92065,920.288,320.288,recovery,680,394,0.25287,668.88,383.76,0.21811
1521,92096,92093,92126,92131,920.96,320.96,recovery,672,386,0.23642,668.78,384.1,0.21628
1522,92163,92160,92193,92198,921.632,321.632,recovery,672,386,0.24125,668.93,384.34,0.2155
1523,92230,92227,92260,92267,922.304,322.304,recovery,672,398,0.21162,668.78,384.73,0.2151
1524,92297,92293,92327,92330,922.968,322.968,recovery,664,368,0.16245,668.59,385.27,0.2146
1525,92362,92359,92392,92398,923.624,323.624,recovery,656,394,0.20205,668.44,385.85,0.21316
1526,92428,92425,92459,92465,924.284,324.284,recovery,660,396,0.16111,668.29,386.39,0.2126
1527,92494,92491,92524,92530,924.944,324.944,recovery,660,386,0.25855,668.29,387.27,0.21187
1528,92561,92558,92591,92597,925.61,325.61,recovery,666,394,0.21855,668.44,386.24,0.21083
1529,92627,92624,92658,92661,926.274,326.274,recovery,664,370,0.17229,668.44,387.27,0.20996
1530,92693,92690,92724,92728,926.934,326.934,recovery,660,380,0.19687,668.44,387.32,0.21107
1531,92760,92756,92789,92794,927.596,327.596,recovery,662,378,0.24362,668.39,387.12,0.21125
1532,92826,92823,92856,92863,928.262,328.262,recovery,666,404,0.2165,668.49,387.85,0.21204
1533,92893,92890,92923,92928,928.93,328.93,recovery,668,382,0.21635,668.29,388.44,0.21569
1534,92960,92957,92991,92993,929.6,329.6,recovery,670,368,0.19205,668.2,388.54,0.21994
1535,93027,93023,93057,93063,930.266,330.266,recovery,666,400,0.21152,668.34,388.73,0.22404
1536,93094,93090,93124,93129,930.938,330.938,recovery,672,382,0.22333,668.29,388.44,0.2243
1537,93161,93157,93191,93195,931.608,331.608,recovery,670,378,0.19849,668.29,388.49,0.2233
1538,93229,93225,93259,93264,932.286,332.286,recovery,678,384,0.22169,668,388.63,0.22281
1539,93296,93292,93326,93332,932.958,332.958,recovery,672,400,0.19932,667.51,388.2,0.22167
1540,93362,93359,93393,93398,933.624,333.624,recovery,666,384,0.17209,666.78,387.12,0.22313
1541,93428,93425,93459,93463,934.284,334.284,recovery,660,380,0.1516,666.34,387.12,0.22375
1542,93495,93491,93524,93530,934.948,334.948,recovery,664,388,0.18556,666.29,387.17,0.22316
1543,93561,93558,93591,93597,935.61,335.61,recovery,662,396,0.18811,666.1,387.07,0.22145
1544,93627,93624,93658,93663,936.272,336.272,recovery,662,386,0.19773,665.9,386.68,0.22099
1545,93694,93691,93725,93730,936.94,336.94,recovery,668,392,0.1752,666,387.02,0.22266
1546,93762,93758,93792,93797,937.616,337.616,recovery,676,390,0.21361,666.24,386.93,0.22328
1547,93830,93827,93860,93868,938.3,338.3,recovery,684,414,0.24271,666.29,386,0.22275
1548,93899,93896,93929,93932,938.988,338.988,recovery,688,360,0.25969,666.24,386.1,0.22013
1549,93967,93964,93997,94006,939.674,339.674,recovery,686,422,0.2273,666.05,386.44,0.21931
1550,94035,94032,94065,94070,940.354,340.354,recovery,680,376,0.30032,665.95,386.39,0.22148
1551,94103,94100,94133,94137,941.03,341.03,recovery,676,372,0.22595,665.95,386.34,0.22321
1552,94170,94167,94200,94208,941.7,341.7,recovery,670,408,0.24122,665.85,386.63,0.22051
1553,94236,94233,94267,94275,942.358,342.358,recovery,658,420,0.3789,665.51,386.24,0.2197
1554,94302,94299,94332,94336,943.022,343.022,recovery,664,376,0.36232,665.12,386.44,0.22052
1555,94369,94365,94399,94406,943.688,343.688,recovery,666,404,0.33771,664.83,387.32,0.22148
1556,94434,94431,94465,94467,944.34,344.34,recovery,652,368,0.18794,664.73,387.17,0.22194
1557,94499,94496,94530,94533,944.992,344.992,recovery,652,374,0.15372,664.73,387.37,0.22112
1558,94564,94561,94595,94598,945.642,345.642,recovery,650,374,0.21447,664.93,388.1,0.21964
1559,94629,94626,94660,94665,946.292,346.292,recovery,650,388,0.21976,664.88,388.2,0.21824
1560,94695,94691,94725,94728,946.946,346.946,recovery,654,372,0.27563,665.12,388.15,0.21868
1561,94761,94757,94791,94797,947.608,347.608,recovery,662,394,0.2781,665.61,387.85,0.21988
1562,94828,94824,94858,94863,948.278,348.278,recovery,670,388,0.21244,666.24,388.49,0.21997
1563,94894,94891,94925,94929,948.942,348.942,recovery,664,382,0.17119,666.68,388.83,0.21896
1564,94961,94957,94991,94995,949.606,349.606,recovery,664,382,0.19248,667.12,388.73,0.21817
1565,95027,95024,95059,95062,950.274,350.274,recovery,668,382,0.23116,667.66,388.54,0.21942
1566,95094,95091,95125,95130,950.94,350.94,recovery,666,390,0.22726,668.29,388.05,0.22132
1567,95160,95157,95190,95193,951.602,351.602,recovery,662,358,0.13932,668.83,388.34,0.22223
1568,95226,95223,95257,95262,952.26,352.26,recovery,658,390,0.15107,669.37,387.37,0.22098
1569,95292,95288,95322,95329,952.918,352.918,recovery,658,408,0.18527,669.56,388.73,0.21879
1570,95358,95355,95389,95392,953.578,353.578,recovery,660,368,0.26125,669.71,388,0.21904
1571,95424,95420,95454,95458,954.238,354.238,recovery,660,378,0.26751,670.05,388.24,0.21664
1572,95490,95486,95521,95525,954.896,354.896,recovery,658,390,0.13312,670.49,389.37,0.21612
1573,95555,95551,95586,95590,955.548,355.548,recovery,652,388,0.18311,671.07,389.56,0.21429
1574,95620,95617,95651,95656,956.2,356.2,recovery,652,390,0.25016,671.95,389.56,0.20826
1575,95686,95682,95717,95723,956.858,356.858,recovery,658,404,0.2314,672.54,389.66,0.20371
1576,95752,95749,95783,95788,957.52,357.52,recovery,662,394,0.23038,673.22,388.93,0.19849
1577,95819,95816,95850,95855,958.192,358.192,recovery,672,390,0.18952,674.24,389.61,0.19652
1578,95887,95884,95918,95924,958.87,358.87,recovery,678,408,0.13773,675.27,389.95,0.19852
1579,95955,95951,95986,95990,959.546,359.546,recovery,676,388,0.1646,676.59,390.63,0.19857
1580,96023,96019,96054,96059,960.228,360.228,recovery,682,398,0.21727,678,390.1,0.19722
1581,96091,96088,96122,96125,960.914,360.914,recovery,686,372,0.22136,679.41,390.73,0.19527
1582,96160,96157,96191,96197,961.6,361.6,recovery,686,406,0.15503,680.63,391.51,0.19484
1583,96228,96225,96260,96265,962.282,362.282,recovery,682,402,0.14413,681.61,391.37,0.1951
1584,96296,96293,96327,96332,962.962,362.962,recovery,680,392,0.15609,682.59,391.56,0.19651
1585,96365,96361,96396,96399,963.646,363.646,recovery,684,378,0.24899,683.32,391.66,0.1967
1586,96434,96431,96465,96468,964.34,364.34,recovery,694,372,0.25305,683.76,392.2,0.19673
1587,96504,96500,96535,96541,965.038,365.038,recovery,698,402,0.25075,683.76,392.05,0.19554
1588,96574,96571,96605,96608,965.744,365.744,recovery,706,374,0.19143,683.8,393.07,0.19722
1589,96644,96640,96675,96682,966.44,366.44,recovery,696,416,0.1701,683.95,393.37,0.19894
1590,96713,96710,96745,96749,967.132,367.132,recovery,692,392,0.23744,684.2,393.66,0.19952
1591,96783,96779,96814,96818,967.826,367.826,recovery,694,386,0.20183,684.49,394.49,0.19896
1592,96852,96849,96883,96890,968.52,368.52,recovery,694,418,0.20449,684.78,394.78,0.19659
1593,96921,96918,96952,96960,969.214,369.214,recovery,694,416,0.16647,684.83,395.71,0.1973
1594,96991,96987,97022,97029,969.908,369.908,recovery,694,420,0.13167,684.93,395.9,0.19766
1595,97060,97056,97091,97094,970.596,370.596,recovery,688,380,0.17552,685.07,396.54,0.19505
1596,97129,97125,97161,97163,971.29,371.29,recovery,694,374,0.124,685.41,396.29,0.19478
1597,97198,97195,97230,97235,971.984,371.984,recovery,694,396,0.10714,685.71,395.95,0.19442
1598,97268,97264,97299,97303,972.678,372.678,recovery,694,388,0.23549,686,396.54,0.19526
1599,97338,97335,97370,97376,973.382,373.382,recovery,704,402,0.21652,686.44,395.66,0.19545
1600,97409,97406,97440,97442,974.09,374.09,recovery,708,366,0.16451,686.78,395.61,0.19481
1601,97480,97477,97511,97517,974.802,374.802,recovery,712,398,0.19563,686.83,395.51,0.19403
1602,97551,97548,97582,97591,975.514,375.514,recovery,712,426,0.26062,686.78,396,0.1946
1603,97622,97619,97653,97657,976.224,376.224,recovery,710,382,0.2232,686.83,396.05,0.19551
1604,97693,97689,97723,97728,976.928,376.928,recovery,704,390,0.22868,686.88,395.46,0.19686
1605,97762,97759,97793,97797,977.622,377.622,recovery,694,386,0.20032,686.88,396.24,0.1981
1606,97831,97827,97862,97868,978.308,378.308,recovery,686,404,0.23259,686.88,397.32,0.19672
1607,97897,97894,97929,97933,978.974,378.974,recovery,666,384,0.17831,686.63,397.22,0.19604
1608,97964,97960,97995,98000,979.638,379.638,recovery,664,400,0.20834,686.29,396.93,0.19514
1609,98030,98027,98061,98067,980.302,380.302,recovery,664,402,0.22151,685.8,397.56,0.19547
1610,98097,98094,98128,98136,980.97,380.97,recovery,668,420,0.20919,685.41,397.41,0.19659
1611,98164,98161,98195,98201,981.642,381.642,recovery,672,402,0.23804,684.93,398.05,0.19507
1612,98231,98228,98263,98267,982.314,382.314,recovery,672,390,0.17063,684.2,397.46,0.195
1613,98297,98294,98329,98337,982.974,382.974,recovery,660,428,0.1622,683.41,396.78,0.19516
1614,98363,98360,98395,98399,983.63,383.63,recovery,656,396,NaN,682.68,396.49,0.19634
1615,98429,98425,98460,98467,984.288,384.288,recovery,658,416,0.14577,682.05,395.95,0.19796
1616,98496,98493,98527,98532,984.96,384.96,recovery,672,394,0.22084,681.51,396.2,0.19786
1617,98563,98560,98595,98598,985.634,385.634,recovery,674,380,0.21568,680.93,396.98,0.19969
1618,98632,98628,98663,98670,986.318,386.318,recovery,684,414,0.22313,680.44,396.78,0.20203
1619,98701,98698,98733,98735,987.014,387.014,recovery,696,372,0.14546,680.15,397.46,0.20134
1620,98770,98767,98802,98806,987.704,387.704,recovery,690,386,0.13915,679.61,397.66,0.20149
1621,98839,98835,98870,98875,988.388,388.388,recovery,684,394,0.18584,678.88,399.12,0.20126
1622,98907,98904,98938,98943,989.072,389.072,recovery,684,392,0.24418,677.71,398.98,0.19963
1623,98976,98973,99007,99013,989.76,389.76,recovery,688,408,0.19152,676.44,398.54,0.19734
1624,99044,99041,99076,99079,990.444,390.444,recovery,684,378,0.19805,675.17,399.12,0.19677
1625,99112,99109,99143,99151,991.124,391.124,recovery,680,424,0.20574,674.15,399.02,0.1958
1626,99181,99177,99212,99220,991.808,391.808,recovery,684,422,0.1939,673.46,399.32,0.19521
1627,99249,99246,99280,99283,992.492,392.492,recovery,684,368,0.22585,672.98,399.41,0.19384
1628,99318,99314,99348,99353,993.176,393.176,recovery,684,390,0.21464,672.83,399.32,0.19411
1629,99386,99383,99417,99423,993.862,393.862,recovery,686,400,0.20466,672.83,399.27,0.19385
1630,99454,99451,99485,99492,994.542,394.542,recovery,680,410,0.21491,672.88,398.83,0.19288
1631,99521,99518,99553,99560,995.214,395.214,recovery,672,418,0.17655,672.73,397.71,0.19145
1632,99588,99584,99619,99621,995.878,395.878,recovery,664,362,0.19919,672.34,397.27,0.18952
1633,99654,99651,99685,99690,996.54,396.54,recovery,662,390,0.21087,671.95,397.22,0.18933
1634,99720,99717,99752,99757,997.204,397.204,recovery,664,404,0.21365,671.9,396.39,0.18961
1635,99787,99784,99819,99824,997.872,397.872,recovery,668,398,0.19623,672,396.29,0.18945
1636,99854,99850,99885,99889,998.538,398.538,recovery,666,390,0.1715,672.2,395.8,0.19028
1637,99921,99917,99952,99958,999.208,399.208,recovery,670,406,0.19726,672.05,396,0.18864
1638,99988,99985,100020,100024,999.882,399.882,recovery,674,388,0.20091,671.85,396.49,0.18748
1639,100056,100053,100088,100095,1000.564,400.564,recovery,682,416,0.20797,671.61,396,0.18691
1640,100125,100121,100156,100162,1001.246,401.246,recovery,682,410,0.22235,671.02,396.54,0.18787
1641,100192,100189,100224,100232,1001.924,401.924,recovery,678,426,0.15537,670.63,396.93,0.18965
1642,100259,100256,100291,100295,1002.588,402.588,recovery,664,392,0.13045,670.54,396.73,0.18955
1643,100325,100321,100357,100362,1003.248,403.248,recovery,660,408,0.16909,670.44,396.93,0.18737
1644,100391,100387,100422,100428,1003.906,403.906,recovery,658,406,0.20048,670.24,396.78,0.1863
1645,100457,100453,100488,100492,1004.568,404.568,recovery,662,386,0.18979,670.24,397.17,0.18454
1646,100523,100520,100555,100560,1005.234,405.234,recovery,666,398,0.17679,670.54,396.63,0.18115
1647,100590,100587,100622,100627,1005.9,405.9,recovery,666,408,0.17762,670.73,395.85,0.18077
1648,100656,100653,100688,100691,1006.56,406.56,recovery,660,380,0.18903,671.17,396.29,0.18
1649,100722,100719,100754,100759,1007.224,407.224,recovery,664,398,0.19817,671.76,396.54,0.18063
1650,100789,100786,100821,100824,1007.89,407.89,recovery,666,384,0.18258,672.44,396.83,0.18015
1651,100855,100852,100887,100889,1008.552,408.552,recovery,662,374,0.1518,672.88,396.49,0.17874
1652,100921,100918,100954,100956,1009.208,409.208,recovery,656,384,0.16092,673.41,396.2,0.17834
1653,100986,100983,101018,101022,1009.864,409.864,recovery,656,388,0.16289,674.24,396.98,0.17718
1654,101052,101049,101084,101088,1010.522,410.522,recovery,658,394,0.17363,675.27,397.12,0.17639
1655,101118,101115,101150,101154,1011.182,411.182,recovery,660,392,0.18286,676.59,397.22,0.17514
1656,101185,101182,101216,101221,1011.848,411.848,recovery,666,396,0.18002,677.85,397.32,0.17377
1657,101251,101248,101283,101288,1012.514,412.514,recovery,666,402,0.1535,679.02,397.32,0.17377
1658,101318,101315,101350,101355,1013.18,413.18,recovery,666,400,0.16802,680.29,396.98,0.1743
1659,101385,101382,101417,101421,1013.854,413.854,recovery,674,394,0.20002,681.46,397.32,0.17454
1660,101453,101449,101485,101489,1014.526,414.526,recovery,672,394,0.18469,682.44,397.22,0.17275
1661,101520,101517,101551,101557,1015.2,415.2,recovery,674,402,0.21209,683.12,396.63,0.17038
1662,101588,101585,101620,101623,1015.88,415.88,recovery,680,386,0.18191,683.71,396.24,0.17091
1663,101656,101653,101687,101693,1016.56,416.56,recovery,680,400,0.15463,684.68,396.59,0.17236
1664,101724,101721,101756,101761,1017.24,417.24,recovery,680,402,0.14762,685.76,396.83,0.17307
1665,101792,101789,101824,101828,1017.924,417.924,recovery,684,394,0.12582,686.98,396.59,0.17227
1666,101862,101858,101894,101898,1018.616,418.616,recovery,692,402,0.06698,687.85,396.63,0.17195
1667,101931,101927,101963,101966,1019.308,419.308,recovery,692,390,0.17804,688.54,396.59,0.17167
1668,102001,101998,102033,102036,1020.01,420.01,recovery,702,386,0.19443,689.22,395.76,0.17175
1669,102072,102068,102104,102108,1020.718,420.718,recovery,708,400,0.24041,689.85,396.93,0.17124
1670,102143,102140,102175,102181,1021.432,421.432,recovery,714,412,0.18516,690.24,396.93,0.17095
1671,102213,102210,102245,102249,1022.13,422.13,recovery,698,396,0.15694,690.54,397.12,0.17111
1672,102282,102279,102314,102320,1022.824,422.824,recovery,694,406,0.16038,690.93,397.51,0.17159
1673,102352,102349,102384,102388,1023.522,423.522,recovery,698,394,0.15161,691.46,398.59,0.17101
1674,102423,102419,102455,102459,1024.226,424.226,recovery,704,396,0.17845,691.95,398.68,0.17104
1675,102494,102491,102527,102532,1024.944,424.944,recovery,718,408,0.16247,692.34,398.59,0.17261
1676,102566,102563,102598,102603,1025.664,425.664,recovery,720,402,0.14005,692.88,398.93,0.1732
1677,102638,102634,102670,102673,1026.378,426.378,recovery,714,390,0.17123,693.07,399.46,0.17358
1678,102710,102707,102742,102746,1027.1,427.1,recovery,722,392,0.2191,692.98,399.32,0.17498
1679,102782,102779,102814,102819,1027.822,427.822,recovery,722,402,0.21089,692.78,399.12,0.17456
1680,102854,102851,102886,102892,1028.544,428.544,recovery,722,412,0.13446,692.2,399.07,0.17453
1681,102925,102922,102958,102960,1029.254,429.254,recovery,710,386,0.12538,691.76,399.71,0.17422
1682,102996,102992,103027,103033,1029.956,429.956,recovery,702,410,0.17691,691.37,400.34,0.17349
1683,103066,103062,103098,103103,1030.66,430.66,recovery,704,406,0.18977,691.07,400.59,0.17461
1684,103136,103133,103168,103175,1031.364,431.364,recovery,704,418,0.1984,691.02,401.17,0.17653
1685,103207,103204,103240,103243,1032.072,432.072,recovery,708,396,0.16742,691.22,401.22,0.17616
1686,103277,103274,103309,103312,1032.77,432.77,recovery,698,388,0.17684,691.22,400.98,0.17682
1687,103346,103343,103378,103382,1033.464,433.464,recovery,694,396,0.16525,691.12,400.93,0.18004
1688,103416,103412,103447,103450,1034.158,434.158,recovery,694,374,0.18087,691.17,401.32,0.1804
1689,103484,103481,103516,103524,1034.844,434.844,recovery,686,428,0.16806,690.88,402.05,0.18061
1690,103552,103549,103585,103589,1035.524,435.524,recovery,680,398,0.18665,690.39,401.8,0.17819
1691,103620,103617,103652,103656,1036.202,436.202,recovery,678,392,0.18907,689.51,401.46,0.17742
1692,103688,103685,103720,103724,1036.88,436.88,recovery,678,390,0.17122,689.02,401.76,0.17781
1693,103756,103752,103788,103795,1037.558,437.558,recovery,678,428,0.13744,688.63,401.8,0.17928
1694,103823,103820,103855,103859,1038.234,438.234,recovery,676,392,0.16379,688.29,401.95,0.1802
1695,103891,103888,103923,103927,1038.908,438.908,recovery,674,390,0.23835,687.8,402.2,0.17906
1696,103959,103956,103991,103996,1039.59,439.59,recovery,682,406,0.20675,686.83,402.24,0.1785
1697,104026,104023,104058,104065,1040.264,440.264,recovery,674,418,0.19585,686,401.8,0.17985
1698,104093,104089,104125,104129,1040.926,440.926,recovery,662,396,0.21078,685.51,402.44,0.17962
1699,104158,104155,104190,104194,1041.584,441.584,recovery,658,392,0.15097,684.68,402.93,0.17732
1700,104223,104220,104255,104259,1042.234,442.234,recovery,650,392,0.19856,683.85,403.27,0.17783
1701,104289,104285,104321,104327,1042.888,442.888,recovery,654,420,0.17212,683.17,402.78,0.1784
1702,104355,104351,104386,104394,1043.546,443.546,recovery,658,428,0.18224,682.98,403.27,0.18117
1703,104421,104418,104453,104458,1044.214,444.214,recovery,668,396,0.22772,683.07,402.68,0.18206
1704,104489,104486,104521,104528,1044.892,444.892,recovery,678,424,0.23338,683.37,402.73,0.1828
1705,104558,104555,104590,104595,1045.58,445.58,recovery,688,404,0.13243,683.51,402.34,0.18286
1706,104626,104623,104658,104661,1046.264,446.264,recovery,684,384,0.15284,683.12,402.88,0.1836
1707,104695,104692,104727,104732,1046.952,446.952,recovery,688,400,0.19903,682.83,403.46,0.18437
1708,104765,104761,104796,104802,1047.646,447.646,recovery,694,406,0.19258,682.54,403.27,0.18594
1709,104834,104830,104865,104872,1048.336,448.336,recovery,690,416,0.20338,682.1,403.85,0.18479
1710,104902,104899,104935,104938,1049.024,449.024,recovery,688,390,0.141,681.76,403.41,0.18549
1711,104970,104967,105002,105007,1049.702,449.702,recovery,678,398,0.15373,681.41,403.56,0.18601
1712,105038,105035,105070,105075,1050.38,450.38,recovery,678,408,0.17269,681.27,403.51,0.18577
1713,105106,105102,105138,105143,1051.058,451.058,recovery,678,408,0.2206,681.22,403.8,0.18666
1714,105174,105171,105206,105211,1051.742,451.742,recovery,684,400,0.18965,681.46,403.61,0.18795
1715,105243,105239,105275,105280,1052.426,452.426,recovery,684,406,0.13169,681.95,403.46,0.18998
1716,105310,105307,105343,105348,1053.104,453.104,recovery,678,410,0.13941,682.59,404.15,0.19106
1717,105379,105376,105411,105414,1053.79,453.79,recovery,686,384,0.19522,682.93,403.9,0.19207
1718,105448,105445,105481,105487,1054.484,454.484,recovery,694,416,0.16197,683.37,403.61,0.19342
1719,105517,105514,105551,105555,1055.172,455.172,recovery,688,412,0.12495,683.95,403.85,0.19214
1720,105586,105582,105618,105624,1055.86,455.86,recovery,688,416,0.23168,684.34,404.44,0.19285
1721,105655,105652,105687,105691,1056.554,456.554,recovery,694,392,0.15774,684.73,404.68,0.19233
1722,105726,105722,105758,105763,1057.256,457.256,recovery,702,406,0.23891,685.07,404.15,0.19221
1723,105796,105793,105828,105831,1057.962,457.962,recovery,706,386,0.21344,685.27,403.71,0.19238
1724,105868,105864,105899,105905,1058.678,458.678,recovery,716,408,0.21999,685.17,404,0.19192
1725,105939,105935,105971,105976,1059.388,459.388,recovery,710,402,0.2011,684.88,403.07,0.18995
1726,106008,106005,106040,106046,1060.08,460.08,recovery,692,418,0.19759,684.1,402.68,0.1902
1727,106077,106073,106109,106114,1060.766,460.766,recovery,686,412,0.20837,683.32,403.27,0.19068
1728,106145,106141,106176,106180,1061.448,461.448,recovery,682,388,0.22958,682.59,403.41,0.19015
1729,106212,106209,106244,106249,1062.124,462.124,recovery,676,398,0.13396,681.76,402.93,0.19071
1730,106280,106276,106311,106317,1062.796,462.796,recovery,672,410,0.19683,681.12,402.49,0.18992
1731,106346,106343,106378,106383,1063.462,463.462,recovery,666,404,0.20767,680.39,402.73,0.19154
1732,106413,106410,106445,106449,1064.134,464.134,recovery,672,390,0.17942,680.05,402.44,0.19236
1733,106481,106478,106513,106518,1064.81,464.81,recovery,676,402,0.20756,679.9,402.15,0.19242
1734,106550,106546,106581,106588,1065.498,465.498,recovery,688,420,0.19038,679.9,401.95,0.19178
1735,106619,106616,106650,106655,1066.194,466.194,recovery,696,386,0.247,679.9,401.41,0.1902
1736,106689,106686,106720,106728,1066.894,466.894,recovery,700,418,0.28286,679.9,401.32,0.19016
1737,106759,106756,106791,106795,1067.59,467.59,recovery,696,396,0.24788,680.05,401.17,0.19079
1738,106828,106825,106859,106865,1068.282,468.282,recovery,692,406,0.25114,680.15,401.85,0.1905
1739,106897,106894,106928,106934,1068.968,468.968,recovery,686,406,0.15852,680.1,401.37,0.19052
1740,106964,106961,106996,107002,1069.642,469.642,recovery,674,416,0.18012,680.34,401.02,0.19174
1741,107031,107027,107062,107068,1070.308,470.308,recovery,666,402,0.17712,680.39,401.02,0.18977
1742,107098,107094,107130,107134,1070.976,470.976,recovery,668,398,0.16718,680.34,401.51,0.19037
1743,107164,107161,107195,107202,1071.642,471.642,recovery,666,410,0.1891,680.2,401.27,0.18849
1744,107231,107227,107262,107268,1072.306,472.306,recovery,664,408,0.20882,680.05,402.39,0.188
1745,107297,107294,107330,107332,1072.972,472.972,recovery,666,386,0.15298,679.66,402.78,0.18651
1746,107363,107359,107395,107398,1073.628,473.628,recovery,656,388,0.14268,679.27,402.83,0.18452
1747,107428,107425,107460,107465,1074.28,474.28,recovery,652,408,0.17234,679.12,402.29,0.18426
1748,107494,107490,107526,107531,1074.938,474.938,recovery,658,406,0.17732,679.37,402.24,0.1838
1749,107560,107556,107592,107595,1075.598,475.598,recovery,660,386,0.2155,679.66,402.39,0.18233
1750,107626,107623,107658,107663,1076.262,476.262,recovery,664,398,0.17093,680.15,402.34,0.18378
1751,107692,107689,107724,107729,1076.92,476.92,recovery,658,400,0.2076,680.93,402.54,0.1825
1752,107758,107755,107790,107794,1077.584,477.584,recovery,664,386,0.18734,681.66,402.24,0.18209
1753,107826,107822,107857,107862,1078.256,478.256,recovery,672,396,0.1752,682.24,402.78,0.18261
1754,107893,107890,107926,107930,1078.934,478.934,recovery,678,400,0.1944,682.83,402.98,0.18201
1755,107962,107958,107994,107996,1079.618,479.618,recovery,684,378,0.12457,683.12,402.44,0.18171
1756,108030,108027,108063,108067,1080.302,480.302,recovery,684,402,0.13021,683.27,402.78,0.17866
1757,108099,108095,108130,108135,1080.986,480.986,recovery,684,404,0.16537,683.27,401.95,0.17487
1758,108168,108164,108200,108205,1081.676,481.676,recovery,690,412,0.18329,683.41,402.29,0.17287
1759,108237,108233,108269,108273,1082.368,482.368,recovery,692,396,0.16282,683.8,401.76,0.16978
1760,108307,108303,108339,108343,1083.066,483.066,recovery,698,398,0.17491,684.24,401.8,0.16981
1761,108376,108372,108408,108414,1083.756,483.756,recovery,690,416,0.15062,684.88,400.98,0.17029
1762,108445,108441,108477,108483,1084.448,484.448,recovery,692,412,0.18234,685.9,401.17,0.1704
1763,108514,108511,108546,108551,1085.144,485.144,recovery,696,396,0.16194,686.83,401.07,0.17008
1764,108584,108581,108616,108624,1085.844,485.844,recovery,700,432,0.19337,687.61,400.54,0.16936
1765,108654,108651,108687,108693,1086.544,486.544,recovery,700,424,0.15901,688.29,400.34,0.16794
1766,108724,108720,108756,108761,1087.238,487.238,recovery,694,404,0.11951,689.02,400.83,0.16909
1767,108792,108789,108824,108829,1087.924,487.924,recovery,686,396,0.18677,689.95,400.93,0.17012
1768,108862,108859,108894,108900,1088.62,488.62,recovery,696,410,0.18958,691.12,401.61,0.169
1769,108931,108928,108964,108968,1089.314,489.314,recovery,694,394,0.16927,692.1,400.93,0.16746
1770,109001,108998,109033,109037,1090.01,490.01,recovery,696,396,0.19347,692.93,401.56,0.16625
1771,109071,109068,109105,109110,1090.714,490.714,recovery,704,418,0.1444,693.9,402.2,0.16572
1772,109141,109138,109173,109177,1091.41,491.41,recovery,696,392,0.19092,695.02,402.15,0.1657
1773,109211,109207,109243,109248,1092.106,492.106,recovery,696,412,0.2005,696.1,402.34,0.16629
1774,109281,109277,109312,109318,1092.806,492.806,recovery,700,410,0.18291,697.07,402.83,0.16626
1775,109351,109347,109382,109387,1093.506,493.506,recovery,700,398,0.17817,697.61,402.78,0.16621
1776,109421,109417,109453,109457,1094.208,494.208,recovery,702,400,0.12199,698.1,403.02,0.16809
1777,109491,109487,109524,109526,1094.908,494.908,recovery,700,384,0.1276,698.59,402.73,0.16952
1778,109561,109558,109593,109599,1095.61,495.61,recovery,702,410,0.16579,698.83,403.12,0.16954
1779,109632,109628,109664,109667,1096.318,496.318,recovery,708,384,0.12464,698.73,402.88,0.16812
1780,109702,109699,109735,109740,1097.022,497.022,recovery,704,408,0.15949,698.44,403.17,0.16841
1781,109772,109769,109804,109807,1097.722,497.722,recovery,700,382,0.20001,698.1,403.66,0.16867
1782,109843,109840,109875,109881,1098.43,498.43,recovery,708,410,0.1817,697.95,403.76,0.16913
1783,109914,109910,109946,109950,1099.136,499.136,recovery,706,394,0.1539,697.85,403.12,0.16953
1784,109983,109980,110016,110019,1099.834,499.834,recovery,698,388,0.15966,697.9,403.71,0.16937
1785,110053,110049,110085,110089,1100.526,500.526,recovery,692,400,0.15059,697.71,403.02,0.16833
1786,110122,110119,110154,110159,1101.222,501.222,recovery,696,406,0.20006,697.61,402.54,0.16925
1787,110192,110188,110223,110227,1101.916,501.916,recovery,694,392,0.18499,697.95,403.32,0.17048
1788,110262,110258,110294,110302,1102.616,502.616,recovery,700,436,0.12645,698.59,403.61,0.17005
1789,110331,110328,110363,110366,1103.314,503.314,recovery,698,378,0.11422,699.37,403.17,0.17002
1790,110401,110397,110433,110439,1104.008,504.008,recovery,694,412,0.1656,700.29,403.95,0.16906
1791,110471,110468,110504,110510,1104.712,504.712,recovery,704,424,0.14924,701.17,404.68,0.16924
1792,110542,110538,110573,110578,1105.416,505.416,recovery,704,398,0.20704,701.71,405.12,0.17114
1793,110612,110609,110644,110648,1106.124,506.124,recovery,708,394,0.21123,702.63,405.17,0.16948
1794,110684,110680,110716,110722,1106.836,506.836,recovery,712,416,0.17411,703.61,404.98,0.16827
1795,110754,110750,110785,110790,1107.536,507.536,recovery,700,398,0.19225,704.34,404.73,0.16856
1796,110824,110821,110856,110859,1108.24,508.24,recovery,704,388,0.20184,704.98,404.44,0.16494
1797,110894,110891,110926,110930,1108.944,508.944,recovery,704,390,0.18889,705.12,403.9,0.16571
1798,110964,110960,110996,111002,1109.638,509.638,recovery,694,420,0.16607,705.17,404.29,0.16587
1799,111032,111029,111064,111069,1110.324,510.324,recovery,686,402,0.12524,705.27,404.39,0.16659
1800,111100,111097,111132,111138,1111.004,511.004,recovery,680,408,0.17462,705.27,404.34,0.16788
1801,111169,111165,111201,111207,1111.688,511.688,recovery,684,418,0.18546,705.66,404,0.16897
1802,111237,111234,111269,111276,1112.372,512.372,recovery,684,420,0.16968,706.39,404.1,0.16792
1803,111306,111303,111338,111341,1113.06,513.06,recovery,688,386,0.19842,706.78,404.29,0.16699
1804,111376,111373,111408,111415,1113.758,513.758,recovery,698,420,0.15552,707.37,404.39,0.16794
1805,111445,111442,111477,111482,1114.45,514.45,recovery,692,404,0.15056,708.05,404.63,0.16759
1806,111515,111511,111547,111552,1115.146,515.146,recovery,696,404,0.19703,708.83,405.07,0.16849
1807,111585,111582,111617,111626,1115.854,515.854,recovery,708,436,0.16981,709.51,404.98,0.16696
1808,111657,111653,111688,111694,1116.566,516.566,recovery,712,408,0.16906,709.95,405.51,0.16578
1809,111729,111726,111762,111765,1117.294,517.294,recovery,728,392,0.18844,710.1,405.12,0.16595
1810,111803,111799,111836,111842,1118.026,518.026,recovery,732,426,0.12981,710.54,406.24,0.16791
1811,111876,111872,111908,111915,1118.758,518.758,recovery,732,426,0.20099,711.02,406.05,0.16963
1812,111948,111945,111981,111988,1119.484,519.484,recovery,726,436,0.22207,711.12,405.12,0.16925
1813,112022,112018,112054,112058,1120.218,520.218,recovery,734,394,0.12309,710.98,405.12,0.16793
1814,112095,112092,112127,112133,1120.954,520.954,recovery,736,404,0.15076,710.83,405.17,0.16736
1815,112168,112165,112200,112205,1121.684,521.684,recovery,730,400,0.19471,710.63,404.1,0.16757
1816,112241,112238,112274,112276,1122.41,522.41,recovery,726,386,0.03004,710.93,404.83,0.16724
1817,112312,112309,112344,112346,1123.118,523.118,recovery,708,378,0.15343,711.17,405.66,0.16515
1818,112382,112379,112415,112419,1123.82,523.82,recovery,702,400,0.13423,711.07,406.63,0.16382
1819,112453,112449,112484,112490,1124.526,524.526,recovery,706,414,0.19541,711.22,405.85,0.16379
1820,112523,112520,112556,112558,1125.234,525.234,recovery,708,382,0.17738,711.61,405.61,0.16468
1821,112595,112592,112627,112631,1125.954,525.954,recovery,720,394,0.20404,712.24,405.76,0.16519
1822,112668,112665,112701,112704,1126.684,526.684,recovery,730,386,0.15692,712.88,405.51,0.16411
1823,112741,112737,112773,112779,1127.408,527.408,recovery,724,418,0.14392,713.51,405.46,0.16315
1824,112814,112810,112846,112850,1128.138,528.138,recovery,730,398,0.1925,714.1,406.2,0.16212
1825,112886,112883,112919,112923,1128.864,528.864,recovery,726,398,0.14548,714.68,405.46,0.16312
1826,112959,112955,112991,112997,1129.588,529.588,recovery,724,418,0.18763,715.46,406.24,0.16354
1827,113031,113028,113064,113068,1130.312,530.312,recovery,724,402,0.1372,716.1,406.54,0.16294
1828,113102,113099,113135,113141,1131.024,531.024,recovery,712,414,0.13661,716.63,405.46,0.16289
1829,113173,113170,113206,113212,1131.73,531.73,recovery,706,420,0.1333,717.02,404.73,0.16167
1830,113245,113241,113277,113284,1132.446,532.446,recovery,716,424,0.19456,716.73,405.37,0.16027
1831,113316,113313,113348,113353,1133.16,533.16,recovery,714,404,0.23639,716.49,405.27,0.16133
1832,113387,113383,113419,113422,1133.868,533.868,recovery,708,386,0.13369,716.63,404.88,0.16028
1833,113457,113453,113489,113493,1134.566,534.566,recovery,698,398,0.15255,716.98,404.49,0.15848
1834,113527,113524,113559,113563,1135.268,535.268,recovery,702,396,0.18814,717.27,405.12,0.16033
1835,113597,113594,113629,113631,1135.972,535.972,recovery,704,372,0.1828,717.76,405.32,0.16113
1836,113668,113665,113701,113708,1136.684,536.684,recovery,712,428,0.17858,718.24,405.37,0.15933
1837,113740,113736,113773,113778,1137.398,537.398,recovery,714,422,0.11601,718.44,405.37,0.16339
1838,113810,113806,113842,113849,1138.098,538.098,recovery,700,430,0.13434,719.17,405.85,0.16397
1839,113880,113876,113912,113915,1138.798,538.798,recovery,700,388,0.165,720.1,406.2,0.16502
1840,113950,113947,113982,113986,1139.5,539.5,recovery,702,392,0.16162,721.12,406.34,0.16527
1841,114021,114017,114053,114059,1140.206,540.206,recovery,706,414,0.19547,722,407.61,0.16467
1842,114092,114088,114124,114129,1140.916,540.916,recovery,710,408,0.14149,722.2,407.71,0.1634
1843,114163,114159,114195,114201,1141.626,541.626,recovery,710,418,0.13013,722.1,408,0.1643
1844,114234,114230,114266,114272,1142.338,542.338,recovery,712,416,0.15637,722.24,407.17,0.16582
1845,114306,114303,114338,114342,1143.06,543.06,recovery,722,390,0.19649,722.39,407.17,0.16579
1846,114378,114375,114410,114419,1143.784,543.784,recovery,724,436,0.16772,722.63,407.12,0.16664
1847,114451,114447,114483,114489,1144.506,544.506,recovery,722,416,0.1723,722.78,406.54,0.16504
1848,114524,114520,114556,114560,1145.236,545.236,recovery,730,392,0.16762,722.73,406.88,0.16571
1849,114596,114593,114628,114631,1145.964,545.964,recovery,728,378,0.11926,723.12,406.24,0.16676
1850,114668,114665,114701,114706,1146.68,546.68,recovery,716,418,0.13107,723.51,405.85,0.1677
1851,114740,114737,114773,114779,1147.402,547.402,recovery,722,422,0.17317,723.71,405.32,0.16759
1852,114814,114810,114846,114851,1148.14,548.14,recovery,738,410,0.15796,723.95,405.8,0.16508
1853,114888,114885,114920,114927,1148.88,548.88,recovery,740,420,0.14818,724.15,406.24,0.16528
1854,114963,114959,114995,115001,1149.626,549.626,recovery,746,420,0.19914,724.44,406.68,0.16549
1855,115038,115035,115070,115076,1150.382,550.382,recovery,756,412,0.18347,724.93,406.98,0.16545
1856,115113,115110,115146,115150,1151.132,551.132,recovery,750,402,0.12094,725.32,407.95,0.16549
1857,115187,115183,115219,115222,1151.866,551.866,recovery,734,386,0.19629,725.61,407.61,0.16559
1858,115260,115257,115293,115297,1152.604,552.604,recovery,738,398,0.17743,726.1,406.88,0.16605
1859,115334,115331,115367,115372,1153.344,553.344,recovery,740,414,0.17718,726.54,406.15,0.1663
1860,115409,115406,115441,115448,1154.092,554.092,recovery,748,420,0.20561,727.07,406.88,0.16673
1861,115484,115480,115516,115524,1154.836,554.836,recovery,744,434,0.15275,727.61,407.22,0.16714
1862,115556,115553,115589,115593,1155.564,555.564,recovery,728,398,0.15227,728.05,407.07,0.16607
1863,115629,115626,115661,115665,1156.29,556.29,recovery,726,398,0.19346,728.39,406.39,0.16706
1864,115702,115699,115734,115737,1157.02,557.02,recovery,730,384,0.20636,728.68,406.73,0.16737
1865,115776,115772,115808,115812,1157.756,557.756,recovery,736,398,0.19119,728.63,406.63,0.16653
1866,115849,115846,115882,115886,1158.492,558.492,recovery,736,396,0.18058,728.34,407.27,0.16598
1867,115922,115919,115954,115958,1159.222,559.222,recovery,730,394,0.12177,728.15,406.83,0.1659
1868,115994,115991,116027,116033,1159.944,559.944,recovery,722,416,0.16499,728.05,406.34,0.16631
1869,116067,116064,116099,116103,1160.672,560.672,recovery,728,388,0.17956,727.9,406.49,0.16689
1870,116139,116136,116172,116176,1161.394,561.394,recovery,722,404,0.17175,727.8,406.78,0.16762
1871,116212,116208,116244,116249,1162.118,562.118,recovery,724,402,0.19009,727.76,406.2,0.16742
1872,116284,116281,116317,116323,1162.842,562.842,recovery,724,424,0.13342,727.46,406.05,0.1675
1873,116356,116352,116389,116393,1163.558,563.558,recovery,716,404,0.14201,726.83,406.15,0.16739
1874,116427,116423,116460,116465,1164.268,564.268,recovery,710,416,0.16118,726.2,406,0.1683
1875,116499,116496,116532,116536,1164.99,564.99,recovery,722,408,0.18659,725.46,405.76,0.16766
1876,116571,116568,116603,116609,1165.71,565.71,recovery,720,412,0.18443,724.49,406.29,0.16684
1877,116643,116640,116675,116681,1166.434,566.434,recovery,724,414,0.18262,723.56,406,0.16744
1878,116717,116713,116750,116753,1167.168,567.168,recovery,734,392,0.13488,722.88,406.68,0.16604
1879,116789,116785,116821,116825,1167.886,567.886,recovery,718,400,0.14454,722.15,406.88,0.16541
1880,116861,116857,116893,116899,1168.608,568.608,recovery,722,418,0.18257,721.46,406.44,0.16547
1881,116933,116930,116965,116970,1169.332,569.332,recovery,724,406,0.1785,720.63,405.85,0.16472
1882,117006,117002,117038,117043,1170.056,570.056,recovery,724,408,0.1515,720.05,404.93,0.1651
1883,117078,117075,117110,117113,1170.78,570.78,recovery,724,380,0.18222,719.95,405.32,0.16491
1884,117150,117147,117183,117190,1171.502,571.502,recovery,722,432,0.1426,719.71,405.37,0.16389
1885,117221,117218,117254,117259,1172.212,572.212,recovery,710,412,0.12212,719.32,405.95,0.16267
1886,117292,117289,117325,117330,1172.922,572.922,recovery,710,416,0.17381,718.83,405.9,0.16273
1887,117364,117361,117396,117402,1173.638,573.638,recovery,716,418,0.1645,718.29,406.15,0.16324
1888,117436,117432,117468,117472,1174.356,574.356,recovery,718,396,0.18913,717.85,406.68,0.16387
1889,117508,117505,117540,117544,1175.08,575.08,recovery,724,398,0.19133,717.66,406.29,0.16378
1890,117580,117577,117612,117616,1175.804,575.804,recovery,724,390,0.14923,717.07,407.12,0.16306
1891,117652,117648,117684,117688,1176.518,576.518,recovery,714,394,0.12291,716.63,407.46,0.16242
1892,117723,117719,117755,117761,1177.228,577.228,recovery,710,416,0.17661,716.2,408.15,0.16228
1893,117794,117791,117826,117832,1177.94,577.94,recovery,712,414,0.15348,715.8,408.05,0.16383
1894,117865,117862,117898,117904,1178.654,578.654,recovery,714,414,0.18534,715.71,408.63,0.16479
1895,117937,117934,117969,117975,1179.37,579.37,recovery,716,410,0.17298,715.76,408.34,0.16406
1896,118009,118005,118041,118049,1180.086,580.086,recovery,716,434,0.14972,715.32,408.24,0.16412
1897,118080,118076,118112,118115,1180.798,580.798,recovery,712,390,0.14544,714.83,408.29,0.1636
1898,118150,118147,118184,118188,1181.504,581.504,recovery,706,414,0.1389,714.39,408.49,0.16337
1899,118221,118218,118253,118258,1182.212,582.212,recovery,708,406,0.15174,713.32,408.29,0.16437
1900,118292,118289,118325,118329,1182.924,582.924,recovery,712,396,0.17959,712.54,408,0.16373
1901,118364,118360,118396,118400,1183.638,583.638,recovery,714,396,0.17474,711.37,407.76,0.16403
1902,118436,118433,118468,118472,1184.358,584.358,recovery,720,396,0.16844,709.85,407.17,0.16369
1903,118508,118505,118540,118546,1185.082,585.082,recovery,724,414,0.14442,708,407.9,0.16378
1904,118580,118577,118612,118617,1185.798,585.798,recovery,716,400,0.1516,706.15,408.49,0.1635
1905,118651,118648,118683,118689,1186.512,586.512,recovery,714,408,0.1564,704.34,408.54,0.16445
1906,118723,118719,118755,118759,1187.228,587.228,recovery,716,396,0.19364,702.83,408.24,0.16546
1907,118794,118791,118826,118832,1187.942,587.942,recovery,714,406,0.20174,701.51,408.2,0.16561
1908,118865,118862,118899,118904,1188.654,588.654,recovery,712,416,0.14749,700.29,408,0.16502
1909,118937,118933,118969,118973,1189.368,589.368,recovery,714,400,0.16127,699.07,407.85,0.16409
1910,119007,119004,119040,119046,1190.072,590.072,recovery,704,422,0.15002,698,408.63,0.16479
1911,119078,119074,119110,119116,1190.776,590.776,recovery,704,418,0.14537,697.02,408.98,0.16658
1912,119148,119145,119180,119188,1191.482,591.482,recovery,706,430,0.18432,696.49,409.17,0.16931
1913,119219,119216,119251,119258,1192.19,592.19,recovery,708,420,0.19718,696.1,409.22,0.16925
1914,119290,119287,119322,119330,1192.902,592.902,recovery,712,428,0.18135,695.51,409.37,0.16912
1915,119361,119358,119393,119398,1193.614,593.614,recovery,712,404,0.13102,694.98,409.17,0.1691
1916,119432,119428,119464,119469,1194.318,594.318,recovery,704,404,0.1893,694.63,408.93,0.16893
1917,119502,119498,119534,119540,1195.018,595.018,recovery,700,414,0.1631,694.44,407.85,0.16989
1918,119572,119569,119605,119611,1195.724,595.724,recovery,706,422,0.17293,694.44,408.1,0.17006
1919,119641,119638,119673,119676,1196.414,596.414,recovery,690,384,0.17594,694.93,407.85,0.17197
1920,119710,119707,119742,119746,1197.1,597.1,recovery,686,388,0.11853,695.61,407.66,0.17238
1921,119777,119774,119809,119815,1197.774,597.774,recovery,674,408,0.19496,696.05,407.37,0.17161
1922,119844,119840,119876,119879,1198.436,598.436,recovery,662,382,0.16445,696.2,407.66,0.17115
1923,119908,119905,119941,119949,1199.084,599.084,recovery,648,438,0.15515,696.44,408.2,0.1715
1924,119973,119970,NaN,NaN,1199.732,599.732,recovery,648,404,0.17063,696.78,408.24,0.17263
